CREATE DATABASE  IF NOT EXISTS `easy-learning` /*!40100 DEFAULT CHARACTER SET utf8mb4 COLLATE utf8mb4_0900_ai_ci */ /*!80016 DEFAULT ENCRYPTION='N' */;
USE `easy-learning`;
-- MySQL dump 10.13  Distrib 8.0.36, for Win64 (x86_64)
--
-- Host: 127.0.0.1    Database: easy-learning
-- ------------------------------------------------------
-- Server version	8.0.36

/*!40101 SET @OLD_CHARACTER_SET_CLIENT=@@CHARACTER_SET_CLIENT */;
/*!40101 SET @OLD_CHARACTER_SET_RESULTS=@@CHARACTER_SET_RESULTS */;
/*!40101 SET @OLD_COLLATION_CONNECTION=@@COLLATION_CONNECTION */;
/*!50503 SET NAMES utf8 */;
/*!40103 SET @OLD_TIME_ZONE=@@TIME_ZONE */;
/*!40103 SET TIME_ZONE='+00:00' */;
/*!40014 SET @OLD_UNIQUE_CHECKS=@@UNIQUE_CHECKS, UNIQUE_CHECKS=0 */;
/*!40014 SET @OLD_FOREIGN_KEY_CHECKS=@@FOREIGN_KEY_CHECKS, FOREIGN_KEY_CHECKS=0 */;
/*!40101 SET @OLD_SQL_MODE=@@SQL_MODE, SQL_MODE='NO_AUTO_VALUE_ON_ZERO' */;
/*!40111 SET @OLD_SQL_NOTES=@@SQL_NOTES, SQL_NOTES=0 */;

--
-- Table structure for table `carts`
--

DROP TABLE IF EXISTS `carts`;
/*!40101 SET @saved_cs_client     = @@character_set_client */;
/*!50503 SET character_set_client = utf8mb4 */;
CREATE TABLE `carts` (
  `id` int NOT NULL AUTO_INCREMENT,
  `user_id` int DEFAULT NULL,
  `course_id` int DEFAULT NULL,
  `created_at` timestamp NULL DEFAULT CURRENT_TIMESTAMP,
  PRIMARY KEY (`id`),
  KEY `carts_ibfk_1` (`user_id`),
  KEY `carts_ibfk_2` (`course_id`),
  CONSTRAINT `carts_ibfk_1` FOREIGN KEY (`user_id`) REFERENCES `users` (`id`) ON DELETE CASCADE,
  CONSTRAINT `carts_ibfk_2` FOREIGN KEY (`course_id`) REFERENCES `courses` (`id`) ON DELETE CASCADE
) ENGINE=InnoDB AUTO_INCREMENT=211 DEFAULT CHARSET=utf8mb4 COLLATE=utf8mb4_0900_ai_ci;
/*!40101 SET character_set_client = @saved_cs_client */;

--
-- Dumping data for table `carts`
--

LOCK TABLES `carts` WRITE;
/*!40000 ALTER TABLE `carts` DISABLE KEYS */;
INSERT INTO `carts` VALUES (94,19,1,'2024-10-22 22:18:32'),(192,25,58,'2024-11-24 06:50:18'),(196,3,14,'2024-11-25 14:27:31'),(197,22,14,'2024-11-25 14:29:29'),(200,1,54,'2024-11-29 03:02:57'),(209,27,14,'2024-12-26 08:33:36'),(210,40,1,'2024-12-27 00:47:14');
/*!40000 ALTER TABLE `carts` ENABLE KEYS */;
UNLOCK TABLES;

--
-- Table structure for table `categories`
--

DROP TABLE IF EXISTS `categories`;
/*!40101 SET @saved_cs_client     = @@character_set_client */;
/*!50503 SET character_set_client = utf8mb4 */;
CREATE TABLE `categories` (
  `id` int NOT NULL AUTO_INCREMENT,
  `name` varchar(100) DEFAULT NULL,
  PRIMARY KEY (`id`)
) ENGINE=InnoDB AUTO_INCREMENT=19 DEFAULT CHARSET=utf8mb4 COLLATE=utf8mb4_0900_ai_ci;
/*!40101 SET character_set_client = @saved_cs_client */;

--
-- Dumping data for table `categories`
--

LOCK TABLES `categories` WRITE;
/*!40000 ALTER TABLE `categories` DISABLE KEYS */;
INSERT INTO `categories` VALUES (1,'Lập trình web'),(2,'Lập trình di động'),(3,'Ngôn ngữ lập trình'),(4,'Ngoại ngữ'),(10,'Thiết kế đồ họa'),(13,'Email Marketing'),(14,'Data Control Language'),(15,'Game Engine'),(16,'2D / 3D'),(17,'Marketing'),(18,'Automation');
/*!40000 ALTER TABLE `categories` ENABLE KEYS */;
UNLOCK TABLES;

--
-- Table structure for table `certificates`
--

DROP TABLE IF EXISTS `certificates`;
/*!40101 SET @saved_cs_client     = @@character_set_client */;
/*!50503 SET character_set_client = utf8mb4 */;
CREATE TABLE `certificates` (
  `id` int NOT NULL AUTO_INCREMENT,
  `user_id` int DEFAULT NULL,
  `course_id` int DEFAULT NULL,
  `certificate_url` varchar(255) DEFAULT NULL,
  `created_at` timestamp NULL DEFAULT CURRENT_TIMESTAMP,
  PRIMARY KEY (`id`),
  KEY `user_id` (`user_id`),
  KEY `certificates_ibfk_2` (`course_id`),
  CONSTRAINT `certificates_ibfk_1` FOREIGN KEY (`user_id`) REFERENCES `users` (`id`),
  CONSTRAINT `certificates_ibfk_2` FOREIGN KEY (`course_id`) REFERENCES `courses` (`id`) ON DELETE CASCADE
) ENGINE=InnoDB AUTO_INCREMENT=85 DEFAULT CHARSET=utf8mb4 COLLATE=utf8mb4_0900_ai_ci;
/*!40101 SET character_set_client = @saved_cs_client */;

--
-- Dumping data for table `certificates`
--

LOCK TABLES `certificates` WRITE;
/*!40000 ALTER TABLE `certificates` DISABLE KEYS */;
INSERT INTO `certificates` VALUES (25,19,46,NULL,'2024-10-22 14:03:08'),(28,5,2,NULL,'2024-10-22 14:23:16'),(30,1,41,NULL,'2024-10-22 14:23:44'),(34,1,14,NULL,'2024-10-23 08:06:11'),(36,1,2,NULL,'2024-10-23 08:47:17'),(39,21,2,NULL,'2024-11-02 07:59:23'),(40,4,1,NULL,'2024-11-12 13:47:04'),(41,3,1,NULL,'2024-11-12 13:47:55'),(42,5,1,NULL,'2024-11-12 13:47:58'),(44,1,55,NULL,'2024-11-19 12:37:49'),(45,3,55,NULL,'2024-11-19 12:37:54'),(46,23,56,NULL,'2024-11-19 12:37:57'),(47,25,49,NULL,'2024-11-23 14:40:23'),(48,25,46,NULL,'2024-11-23 14:41:13'),(51,25,14,NULL,'2024-11-23 15:09:54'),(55,25,41,NULL,'2024-11-24 01:58:27'),(58,22,51,NULL,'2024-11-24 02:05:53'),(59,23,52,NULL,'2024-11-24 02:06:05'),(60,21,51,NULL,'2024-11-24 02:06:21'),(61,25,51,NULL,'2024-11-24 02:07:02'),(70,22,53,NULL,'2024-11-24 02:22:00'),(71,25,53,NULL,'2024-11-24 02:22:07'),(72,25,2,NULL,'2024-11-24 06:15:59'),(73,25,55,NULL,'2024-11-24 06:18:24'),(74,3,42,NULL,'2024-11-24 06:21:48'),(75,22,41,NULL,'2024-11-25 01:22:41'),(76,1,52,NULL,'2024-11-25 02:18:34'),(77,26,43,NULL,'2024-11-25 02:23:54'),(78,26,52,NULL,'2024-11-25 02:25:52'),(79,27,41,NULL,'2024-11-26 15:00:28'),(80,27,43,NULL,'2024-11-28 07:50:21'),(81,21,14,NULL,'2024-11-28 07:56:24'),(82,34,45,NULL,'2024-12-16 07:51:30'),(83,34,1,NULL,'2024-12-20 01:24:11'),(84,27,47,NULL,'2024-12-23 23:31:33');
/*!40000 ALTER TABLE `certificates` ENABLE KEYS */;
UNLOCK TABLES;

--
-- Table structure for table `coupons`
--

DROP TABLE IF EXISTS `coupons`;
/*!40101 SET @saved_cs_client     = @@character_set_client */;
/*!50503 SET character_set_client = utf8mb4 */;
CREATE TABLE `coupons` (
  `id` int NOT NULL AUTO_INCREMENT,
  `course_id` int DEFAULT NULL,
  `code` varchar(50) DEFAULT NULL,
  `discount_percentage` int DEFAULT NULL,
  `valid_until` date DEFAULT NULL,
  PRIMARY KEY (`id`),
  KEY `coupons_ibfk_1` (`course_id`),
  CONSTRAINT `coupons_ibfk_1` FOREIGN KEY (`course_id`) REFERENCES `courses` (`id`) ON DELETE CASCADE
) ENGINE=InnoDB AUTO_INCREMENT=22 DEFAULT CHARSET=utf8mb4 COLLATE=utf8mb4_0900_ai_ci;
/*!40101 SET character_set_client = @saved_cs_client */;

--
-- Dumping data for table `coupons`
--

LOCK TABLES `coupons` WRITE;
/*!40000 ALTER TABLE `coupons` DISABLE KEYS */;
INSERT INTO `coupons` VALUES (2,2,'THANHTOAN20PC',20,'2024-10-20'),(4,3,'THANHTOAN30PC',30,'2024-10-30'),(9,1,'THANHTOAN10PC',10,'2025-01-01'),(10,1,'THANHTOAN50PC',50,'2024-10-31'),(11,14,'GIAM10PC',10,'2024-10-31'),(12,15,'IOS10PC',35,'2024-10-31'),(14,46,'DESIGN20PC',20,'2025-01-11'),(15,55,'TIEN10',10,'2024-12-11'),(16,55,'TIEN20',20,'2025-01-01'),(17,56,'DTIEN10',10,'2025-01-01'),(18,56,'DTIEN20',20,'2025-01-01'),(19,55,'TIEN30',30,'2025-01-07'),(21,47,'DESIGN30',30,'2025-01-01');
/*!40000 ALTER TABLE `coupons` ENABLE KEYS */;
UNLOCK TABLES;

--
-- Table structure for table `courses`
--

DROP TABLE IF EXISTS `courses`;
/*!40101 SET @saved_cs_client     = @@character_set_client */;
/*!50503 SET character_set_client = utf8mb4 */;
CREATE TABLE `courses` (
  `id` int NOT NULL AUTO_INCREMENT,
  `title` varchar(255) DEFAULT NULL,
  `description` text,
  `instructor_id` int DEFAULT NULL,
  `price` int DEFAULT NULL,
  `level` enum('beginner','intermediate','advanced') DEFAULT NULL,
  `language` varchar(50) DEFAULT NULL,
  `category_id` int DEFAULT NULL,
  `img` varchar(255) DEFAULT 'imgs/logo.png',
  `created_at` timestamp NULL DEFAULT CURRENT_TIMESTAMP,
  PRIMARY KEY (`id`),
  KEY `couses_categories_idx` (`category_id`),
  KEY `courses_instructor_idx` (`instructor_id`),
  CONSTRAINT `courses_categories` FOREIGN KEY (`category_id`) REFERENCES `categories` (`id`),
  CONSTRAINT `courses_instructor` FOREIGN KEY (`instructor_id`) REFERENCES `users` (`id`)
) ENGINE=InnoDB AUTO_INCREMENT=67 DEFAULT CHARSET=utf8mb4 COLLATE=utf8mb4_0900_ai_ci;
/*!40101 SET character_set_client = @saved_cs_client */;

--
-- Dumping data for table `courses`
--

LOCK TABLES `courses` WRITE;
/*!40000 ALTER TABLE `courses` DISABLE KEYS */;
INSERT INTO `courses` VALUES (1,'Xây Dựng Website với ReactJS','<p><em>- Cao ốc nào cũng được xây từ viên gạch đầu tiên</em></p><p><em>- Muốn được vương xa và học được nhiều thì phải kiên trì và nổ lực </em></p>',1,990000,'beginner','Vietnamese',1,'http://res.cloudinary.com/dj8ae1gpq/image/upload/v1729080941/mfmrt9vqoajaqgdifyop.png','2024-10-01 06:45:10'),(2,'Học làm website cơ bản HTML - CSS - JS','<p>This is a new course.</p>',1,350000,'beginner','Vietnamese',1,'http://res.cloudinary.com/dj8ae1gpq/image/upload/v1729167802/gs7g9hb2ac47k6zj71jw.webp','2024-10-01 06:45:25'),(3,'Lập trình Python','<ul><li>This is a new course.</li></ul>',3,550000,'beginner','Vietnamese',3,'http://res.cloudinary.com/dj8ae1gpq/image/upload/v1729167929/wrlnbwffwjq2lbgqpbgw.jpg','2024-10-01 07:38:16'),(14,'Lập trình Java','<ul><li>Lập trình Java</li></ul>',1,450000,'beginner','Vietnamese',3,'http://res.cloudinary.com/dj8ae1gpq/image/upload/v1729168067/cw0v80b5cfxfdryf1jdy.jpg','2024-10-14 09:49:43'),(15,'Lập trình IOS với Swift','<p>Lập trình IOS với Swift</p>',1,1200000,'beginner','Vietnamese',3,'http://res.cloudinary.com/dj8ae1gpq/image/upload/v1729168311/t4iutcmwt2qc8id5ehiz.png','2024-10-14 09:53:58'),(41,'Lập trình C dành cho người mới ','<p>Lập trình C dành cho người mới&nbsp;Lập trình C dành cho người mới&nbsp;Lập trình C dành cho người mới&nbsp;</p>',1,0,'beginner','Vietnamese',3,'http://res.cloudinary.com/dj8ae1gpq/image/upload/v1729168198/qqjrjicqmgkrjk1qoatq.jpg','2024-10-15 13:15:54'),(42,'Lập trình di động React Native','<p>Lập trình di động React Native</p>',1,0,'beginner','Vietnamese',3,'http://res.cloudinary.com/dj8ae1gpq/image/upload/v1729168264/exuuw9cnwxkvjgudkvjo.jpg','2024-10-16 12:19:50'),(43,'Lập trình ứng dụng với Kotlin','<p>Lập trình ứng dụng với Kotlin</p>',3,0,'beginner','Vietnamese',2,'http://res.cloudinary.com/dj8ae1gpq/image/upload/v1729172755/hl7fykyqhl2r22s4sv0c.webp','2024-10-16 12:24:24'),(45,'Lập trình Full-Stack với .Net','<p>Lập trình Full-Stack với .Net</p>',3,0,'beginner','English',1,'http://res.cloudinary.com/dj8ae1gpq/image/upload/v1729168712/xcqirlvgm1s9ypal4r5z.jpg','2024-10-17 12:37:34'),(46,'Khóa học thiết kế đồ họa cơ bản','<p>Khóa học thiết kế đồ họa cơ bản</p>',4,200000,'beginner','Vietnamese',10,'http://res.cloudinary.com/dj8ae1gpq/image/upload/v1729168901/hju3vqmfhl11y3fk54e0.jpg','2024-10-17 12:41:41'),(47,'Khóa học thiết kế đồ họa nâng cao','<p>Khóa học thiết kế đồ họa nâng cao</p>',4,500000,'beginner','Vietnamese',10,'http://res.cloudinary.com/dj8ae1gpq/image/upload/v1729168948/kvmcpti87zz4fzkxbho9.webp','2024-10-17 12:42:35'),(48,'Khóa học Photoshop cơ bản','<p>Khóa học Photoshop cơ bản</p>',4,0,'beginner','English',10,'http://res.cloudinary.com/dj8ae1gpq/image/upload/v1729169068/l5vyybwi9thqfpxzi6z4.webp','2024-10-17 12:44:34'),(49,'Khóa học thiết kế AI cơ bản','<p>giúp bạn thành thục các tính năng</p><p>năng cao tầm nhìn</p>',4,0,'beginner','English',10,'http://res.cloudinary.com/dj8ae1gpq/image/upload/v1729174713/rykslrd6p9g1wirxycpe.webp','2024-10-17 14:18:34'),(51,'English Communication','<p>Improve English communication ability</p>',21,999000,'intermediate','English',4,'http://res.cloudinary.com/dj8ae1gpq/image/upload/v1730051157/dzi7edrwlhyfjwuu3kbg.jpg','2024-10-27 17:46:01'),(52,'Complete SQL Course For Beginners','<p><strong>SQL Full Course In 10 Hours</strong></p>',21,500000,'beginner','English',14,'http://res.cloudinary.com/dj8ae1gpq/image/upload/v1730053020/icuxalbvtvxfeic74xdm.jpg','2024-10-27 18:17:02'),(53,'Mailchimp Tutorial','<p><strong>Complete Email Marketing Guide for Beginners</strong></p>',21,300000,'beginner','English',13,'http://res.cloudinary.com/dj8ae1gpq/image/upload/v1730053725/i2lrhd5tyejxbrsd7enz.webp','2024-10-27 18:28:12'),(54,'PHP Course','<p><strong>Lập trình PHP</strong></p>',21,300000,'beginner','Vietnamese',1,'http://res.cloudinary.com/dj8ae1gpq/image/upload/v1730054112/xbuo8ejkikgce8wo7w2d.jpg','2024-10-27 18:37:42'),(55,'Mysql Full Course For Beginners','<p><strong>SQL Training</strong></p>',22,290000,'beginner','English',14,'http://res.cloudinary.com/dj8ae1gpq/image/upload/v1730055986/hutms91apewbiuupibz1.jpg','2024-10-27 19:06:28'),(56,'Unity Couser','<p>Tổng quan về Unity</p>',22,500000,'beginner','English',15,'http://res.cloudinary.com/dj8ae1gpq/image/upload/v1730056355/ilf5srpspa1gmfbv9kir.jpg','2024-10-27 19:17:11'),(57,'Net.js 14','<p><strong>khóa học Next.js 14 Free</strong></p>',22,200000,'beginner','Vietnamese',1,'http://res.cloudinary.com/dj8ae1gpq/image/upload/v1730125124/o1jz7gy5slem5y7vvh3f.jpg','2024-10-28 14:18:51'),(58,'Spring Boot Course','<p><strong>Kiến thức cơ bản về Java</strong>:</p><ul><li>Tổng quan về ngôn ngữ Java, cách thiết lập môi trường phát triển (JDK, IDE).</li><li>Làm quen với cú pháp Java: biến, kiểu dữ liệu, toán tử, và cấu trúc điều khiển.</li></ul><p><strong>Lập trình hướng đối tượng (OOP)</strong>:</p><ul><li>Hiểu rõ các khái niệm cơ bản như lớp, đối tượng, kế thừa, đa hình, và trừu tượng.</li><li>Cách áp dụng OOP để xây dựng các ứng dụng dễ bảo trì và mở rộng.</li></ul><p><strong>Xử lý ngoại lệ và quản lý bộ nhớ</strong>:</p><ul><li>Tìm hiểu cách xử lý lỗi và ngoại lệ trong Java.</li><li>Quản lý bộ nhớ hiệu quả bằng Garbage Collection.</li></ul><p><strong>Các thư viện và framework phổ biến</strong>:</p><ul><li>Làm việc với thư viện Collections, Streams API để xử lý dữ liệu.</li><li>Tìm hiểu cách sử dụng JavaFX để xây dựng giao diện người dùng.</li></ul>',22,50000,'beginner','Vietnamese',3,'http://res.cloudinary.com/dj8ae1gpq/image/upload/v1730126889/rzj9n2abmwkfb96j59kn.jpg','2024-10-28 14:48:10'),(59,'Graphic Design','<p>Tư duy thiết kế đồ họa</p>',23,100000,'beginner','Vietnamese',10,'http://res.cloudinary.com/dj8ae1gpq/image/upload/v1730128809/cbovdtquxucto8j2qotf.png','2024-10-28 15:20:11'),(60,'Khóa học lập trình hướng đối tượng C#','<p>Khóa học OOP dành cho người mới bắt đầu</p>',22,0,'beginner','Vietnamese',3,'http://res.cloudinary.com/dj8ae1gpq/image/upload/v1730129906/ray0tsmjdvon1i13he7p.png','2024-10-28 15:38:28'),(61,' Solidworks','<p><strong>Khóa học Solidworks Online</strong></p>',22,100000,'beginner','Vietnamese',16,'http://res.cloudinary.com/dj8ae1gpq/image/upload/v1730131141/gatsxav5wcn7u9qjrtv2.jpg','2024-10-28 15:59:56'),(62,'Khóa học Content Marketing','<p>Khóa học dành cho người mới bắt đầu</p>',23,0,'beginner','Vietnamese',17,'http://res.cloudinary.com/dj8ae1gpq/image/upload/v1730138999/k17ut1dndxbqvsnl1rru.jpg','2024-10-28 18:10:00'),(63,'C/C++ từ cơ bản đến nâng cao','<p>Khóa học dành cho người mới bắt đầu</p>',22,129000,'beginner','Vietnamese',3,'http://res.cloudinary.com/dj8ae1gpq/image/upload/v1730140148/jdmltgagwrnpfb2wzp7v.jpg','2024-10-28 18:29:09'),(64,'Automation Course','<p><strong>Khóa học Automation Test với Java</strong></p>',5,50000,'beginner','Vietnamese',18,'http://res.cloudinary.com/dj8ae1gpq/image/upload/v1730142312/u6vp61rwhg7hhwbsj4tp.jpg','2024-10-28 19:06:42');
/*!40000 ALTER TABLE `courses` ENABLE KEYS */;
UNLOCK TABLES;

--
-- Table structure for table `enrollments`
--

DROP TABLE IF EXISTS `enrollments`;
/*!40101 SET @saved_cs_client     = @@character_set_client */;
/*!50503 SET character_set_client = utf8mb4 */;
CREATE TABLE `enrollments` (
  `id` int NOT NULL AUTO_INCREMENT,
  `user_id` int DEFAULT NULL,
  `course_id` int DEFAULT NULL,
  `progress` decimal(5,2) DEFAULT NULL,
  `created_at` timestamp NULL DEFAULT CURRENT_TIMESTAMP,
  PRIMARY KEY (`id`),
  KEY `user_id` (`user_id`),
  KEY `enrollments_ibfk_2` (`course_id`),
  CONSTRAINT `enrollments_ibfk_1` FOREIGN KEY (`user_id`) REFERENCES `users` (`id`),
  CONSTRAINT `enrollments_ibfk_2` FOREIGN KEY (`course_id`) REFERENCES `courses` (`id`) ON DELETE CASCADE
) ENGINE=InnoDB AUTO_INCREMENT=151 DEFAULT CHARSET=utf8mb4 COLLATE=utf8mb4_0900_ai_ci;
/*!40101 SET character_set_client = @saved_cs_client */;

--
-- Dumping data for table `enrollments`
--

LOCK TABLES `enrollments` WRITE;
/*!40000 ALTER TABLE `enrollments` DISABLE KEYS */;
INSERT INTO `enrollments` VALUES (1,5,1,0.00,'2024-10-02 07:55:51'),(2,5,2,0.00,'2024-10-02 08:00:27'),(3,6,3,0.00,'2024-10-02 08:15:13'),(4,6,1,0.00,'2024-10-02 08:49:35'),(45,1,1,0.00,'2024-10-13 03:23:29'),(46,1,2,0.00,'2024-10-13 03:23:29'),(47,1,3,0.00,'2024-10-13 04:38:43'),(48,1,41,0.00,'2024-10-15 13:16:32'),(49,3,42,0.00,'2024-10-17 13:47:41'),(50,3,1,0.00,'2024-10-17 13:49:38'),(51,4,1,0.00,'2024-10-18 23:23:58'),(52,1,14,0.00,'2024-10-19 11:42:29'),(54,19,46,0.00,'2024-10-22 06:40:43'),(55,5,3,0.00,'2024-10-23 10:04:50'),(56,21,2,0.00,'2024-10-27 09:29:13'),(57,21,14,0.00,'2024-10-27 10:21:35'),(58,21,51,0.00,'2024-10-27 18:09:27'),(59,22,51,0.00,'2024-10-27 19:32:36'),(60,22,15,0.00,'2024-10-27 19:33:16'),(61,22,62,0.00,'2024-10-28 18:42:29'),(62,22,59,0.00,'2024-10-28 18:43:32'),(63,22,55,0.00,'2024-10-28 18:43:47'),(64,22,53,0.00,'2024-10-28 18:44:11'),(65,22,41,0.00,'2024-10-28 18:44:47'),(66,23,51,0.00,'2024-10-28 18:45:50'),(67,23,52,0.00,'2024-10-28 18:46:24'),(68,23,61,0.00,'2024-10-28 18:47:24'),(69,23,45,0.00,'2024-10-28 18:48:06'),(70,23,62,0.00,'2024-10-28 18:48:45'),(71,23,47,0.00,'2024-10-28 18:49:09'),(72,23,56,0.00,'2024-10-28 18:49:54'),(73,1,43,0.00,'2024-10-28 19:00:07'),(74,1,58,0.00,'2024-10-28 19:00:41'),(75,21,46,0.00,'2024-10-28 19:18:03'),(76,21,45,0.00,'2024-10-28 19:18:47'),(87,1,51,0.00,'2024-11-13 08:43:48'),(88,1,52,100.00,'2024-11-13 08:43:48'),(89,1,47,0.00,'2024-11-13 08:50:37'),(90,1,62,0.00,'2024-11-13 08:52:51'),(91,1,49,0.00,'2024-11-13 08:52:51'),(92,1,55,100.00,'2024-11-19 12:25:03'),(93,3,55,0.00,'2024-11-19 12:25:41'),(118,25,1,0.00,'2024-11-23 03:04:32'),(119,25,2,100.00,'2024-11-23 03:41:24'),(120,25,14,100.00,'2024-11-23 06:26:41'),(121,25,41,0.00,'2024-11-23 12:53:33'),(122,25,3,0.00,'2024-11-23 12:56:27'),(126,25,42,0.00,'2024-11-23 13:28:03'),(127,25,46,100.00,'2024-11-23 13:30:22'),(128,25,43,0.00,'2024-11-23 13:32:19'),(129,25,62,0.00,'2024-11-23 13:33:04'),(130,25,45,0.00,'2024-11-23 13:47:54'),(131,25,49,100.00,'2024-11-23 13:48:51'),(132,25,51,100.00,'2024-11-23 13:57:35'),(133,25,48,0.00,'2024-11-24 00:53:16'),(134,25,53,100.00,'2024-11-24 01:46:43'),(135,25,55,100.00,'2024-11-24 06:18:03'),(136,25,60,0.00,'2024-11-24 06:19:26'),(137,26,1,0.00,'2024-11-25 02:22:17'),(138,26,43,100.00,'2024-11-25 02:22:50'),(139,26,52,100.00,'2024-11-25 02:25:37'),(140,27,1,0.00,'2024-11-25 14:27:00'),(141,27,41,100.00,'2024-11-26 14:59:09'),(142,31,2,0.00,'2024-11-26 15:13:06'),(143,27,3,0.00,'2024-11-28 07:46:26'),(144,27,43,100.00,'2024-11-28 07:48:51'),(145,27,42,0.00,'2024-11-30 02:19:49'),(146,34,45,100.00,'2024-12-15 08:15:11'),(147,34,1,100.00,'2024-12-16 07:40:00'),(148,34,2,0.00,'2024-12-20 01:37:44'),(149,27,47,100.00,'2024-12-23 23:27:34');
/*!40000 ALTER TABLE `enrollments` ENABLE KEYS */;
UNLOCK TABLES;

--
-- Table structure for table `giohang`
--

DROP TABLE IF EXISTS `giohang`;
/*!40101 SET @saved_cs_client     = @@character_set_client */;
/*!50503 SET character_set_client = utf8mb4 */;
CREATE TABLE `giohang` (
  `idgiohang` int NOT NULL,
  `idsanpham` int DEFAULT NULL,
  `username` varchar(255) COLLATE utf8mb4_general_ci DEFAULT NULL,
  `img` varchar(500) COLLATE utf8mb4_general_ci NOT NULL,
  `namesanpham` varchar(255) COLLATE utf8mb4_general_ci DEFAULT NULL,
  `price` decimal(10,0) DEFAULT NULL,
  `size` varchar(10) COLLATE utf8mb4_general_ci DEFAULT NULL,
  `color` varchar(10) COLLATE utf8mb4_general_ci DEFAULT NULL,
  `soluong` int DEFAULT NULL
) ENGINE=InnoDB DEFAULT CHARSET=utf8mb4 COLLATE=utf8mb4_general_ci;
/*!40101 SET character_set_client = @saved_cs_client */;

--
-- Dumping data for table `giohang`
--

LOCK TABLES `giohang` WRITE;
/*!40000 ALTER TABLE `giohang` DISABLE KEYS */;
INSERT INTO `giohang` VALUES (5,1,'phanhuuluan','https://cdn2.yame.vn/pimg/quan-tay-lung-thun-ong-ung-soi-nhan-tao-mac-thoai-mai-tron-dang-vua-gia-tot-no-style-m116-0023671/f997bb07-702b-5100-ff8b-001ba52b37b0.jpg?w=540&h=756&c=true&ntf=false','Quần Âu Nam',250000,'','',1),(9,4,'levannhi1','https://cdn2.yame.vn/pimg/quan-jean-lung-gai-ong-ung-vai-cotton-mac-ben-bieu-tuong-dang-vua-gia-tot-seventy-seven-28-0023387/8374bf6c-63db-4c00-cfb3-001b512da6ae.jpg?w=540&h=756&c=true&ntf=false','Quần Jean Nam',460000,'M','DEN',1),(10,8,'levannhi1','https://cdn2.yame.vn/pimg/ao-so-mi-cuban-soi-poly-wrinkle-free-04-0022632/84864d3f-95e6-de00-133f-001ae3b8b6fe.jpg?w=540&h=756&c=true&ntf=false','Áo Sơ Mi Tay Ngắn',270000,'M','DEN',2),(26,1,'levannhi2','https://cdn2.yame.vn/pimg/quan-tay-lung-thun-ong-ung-soi-nhan-tao-mac-thoai-mai-tron-dang-vua-gia-tot-no-style-m116-0023671/f997bb07-702b-5100-ff8b-001ba52b37b0.jpg?w=540&h=756&c=true&ntf=false','Quần Âu Nam',250000,'','',1),(29,1,'levannhi2','https://cdn2.yame.vn/pimg/quan-tay-lung-thun-ong-ung-soi-nhan-tao-mac-thoai-mai-tron-dang-vua-gia-tot-no-style-m116-0023671/f997bb07-702b-5100-ff8b-001ba52b37b0.jpg?w=540&h=756&c=true&ntf=false','Quần Âu Nam',250000,'','',1),(30,1,'phanhuuluan','https://cdn2.yame.vn/pimg/quan-tay-lung-thun-ong-ung-soi-nhan-tao-mac-thoai-mai-tron-dang-vua-gia-tot-no-style-m116-0023671/f997bb07-702b-5100-ff8b-001ba52b37b0.jpg?w=540&h=756&c=true&ntf=false','Quần Âu Nam',250000,'','',1),(101,16,'levannhi1','https://cdn2.yame.vn/pimg/ao-thun-co-tron-3-lo-vai-cotton-2-chieu-co-gian-bieu-tuong-dang-rong-gia-tot-no-style-m23-0023572/907d3676-0fc9-e300-9580-001b73b13add.jpg?w=540&h=756&c=true&ntf=false','Áo Bóng Rổ',227000,'M','DEN',1),(102,24,'levannhi2003','https://cdn2.yame.vn/pimg/quan-jogger-cool-touch-03-0022613/f80f282c-d67c-9a00-a8f5-001abe122bc1.jpg?w=540&h=756&c=true&ntf=false','Quần Len',227000,NULL,NULL,1),(103,2,'phuong992003','https://cdn2.yame.vn/pimg/quan-jean-lung-gai-ong-ung-vai-cotton-mac-ben-bieu-tuong-dang-vua-gia-tot-seventy-seven-28-0023383/a0cc46b1-3fd0-4800-1b80-001b512c3d67.jpg?w=540&h=756&c=true&ntf=false','Quần Jean',450000,'L','TRANG',1),(106,13,'khang2003','https://cdn2.yame.vn/pimg/ao-thun-co-tron-tay-ngan-soi-nhan-tao-co-gian-bieu-tuong-dang-vua-gia-tot-no-style-m130-0023911/e711855c-cc1d-8800-e81e-001bb67b671e.jpg?w=540&h=756&c=true&ntf=false','Áo Thun',257000,NULL,NULL,1),(107,1,'phuong1','https://cdn2.yame.vn/pimg/quan-tay-lung-thun-ong-ung-soi-nhan-tao-mac-thoai-mai-tron-dang-vua-gia-tot-no-style-m116-0023671/f997bb07-702b-5100-ff8b-001ba52b37b0.jpg?w=540&h=756&c=true&ntf=false','Quần Âu Nam',250000,'M','TRANG',1),(108,27,'phuong1','https://cdn2.yame.vn/pimg/ao-polo-cool-touch-07-0022752/2fec1a80-a959-7c00-d9e5-001abe10e19e.jpg?w=540&h=756&c=true&ntf=false','Áo Thun',257000,'M','TRANG',1),(109,32,'phuong1','https://cdn2.yame.vn/pimg/ao-khoac-khong-non-vai-du-chong-nang-bieu-tuong-dang-rong-on-gian-seventy-seven-40-0023195/6dab5b5f-498c-7200-160f-001b4928de8f.jpg?w=540&h=756&c=true&ntf=false','Áo Khoác Dù',227000,'M','DEN',3),(111,23,'phuong2','https://cdn2.yame.vn/pimg/quan-dai-lung-thun-ong-om-vai-du-co-gian-tron-dang-rong-gia-tot-no-style-m97-0023641/033528c0-bd15-6e00-7e47-001bb034b445.jpg?w=540&h=756&c=true&ntf=false','Quần Short ',479000,'M','TRANG',1);
/*!40000 ALTER TABLE `giohang` ENABLE KEYS */;
UNLOCK TABLES;

--
-- Table structure for table `lectures`
--

DROP TABLE IF EXISTS `lectures`;
/*!40101 SET @saved_cs_client     = @@character_set_client */;
/*!50503 SET character_set_client = utf8mb4 */;
CREATE TABLE `lectures` (
  `id` int NOT NULL AUTO_INCREMENT,
  `section_id` int DEFAULT NULL,
  `title` varchar(255) DEFAULT NULL,
  `description` text,
  `video_url` varchar(255) DEFAULT NULL,
  `duration` int DEFAULT NULL,
  `position` int DEFAULT NULL,
  PRIMARY KEY (`id`),
  KEY `lectures_ibfk_1` (`section_id`),
  CONSTRAINT `lectures_ibfk_1` FOREIGN KEY (`section_id`) REFERENCES `sections` (`id`) ON DELETE CASCADE
) ENGINE=InnoDB AUTO_INCREMENT=357 DEFAULT CHARSET=utf8mb4 COLLATE=utf8mb4_0900_ai_ci;
/*!40101 SET character_set_client = @saved_cs_client */;

--
-- Dumping data for table `lectures`
--

LOCK TABLES `lectures` WRITE;
/*!40000 ALTER TABLE `lectures` DISABLE KEYS */;
INSERT INTO `lectures` VALUES (1,1,'ReactJS là gì | Tại sao nên học ReactJS | Khóa học ReactJS miễn phí','? Xem Lộ Trình Học: https://fullstack.edu.vn/learning-paths\n? Đăng Ký Học Offline Tại F8: https://short.f8team.dev/dang-ky-hoc-offline-hn\n? Link đặt mua áo Polo F8: https://forms.gle/rff9K64GsSiANRzj6\n \nĐây là video mở đầu trong chuối video khóa học ReactJS miễn phí của F8, video này mình sẽ giới thiệu tới các bạn ReactJS là gì | Tại sao nên học ReactJS | Khóa học ReactJS miễn phí\n#hoclaptrinh  #hoclaptrinhmienphi  #javascript #reactjs  #frontend  #backend  #devops  #f8\n-------\n☻ Phần mềm sử dụng trong video:\nCông cụ dịch Tiếng Anh: http://bit.ly/2Wsuhet\nCông cụ đo đạc giao diện web: https://s.net.vn/D8kL\nCông cụ viết CV xin việc chuyên nghiệp: https://mycv.vn\n--------------\n☻ Khóa học lập trình web MIỄN PHÍ:\nKiến thức nhập môn: https://fullstack.edu.vn/courses/lessons-for-newbie\nXây dựng giao diện với HTML, CSS: https://fullstack.edu.vn/courses/html-css\nXây dựng web responsive: https://fullstack.edu.vn/courses/responsive-web-design\nLập trình Javascript cơ bản: https://fullstack.edu.vn/courses/javascript-co-ban\nLập trình Javascript nâng cao: https://fullstack.edu.vn/courses/javascript-nang-cao\nLàm việc với Terminal & Ubuntu: https://fullstack.edu.vn/courses/windows-terminal-wsl\nXây Dựng Website với ReactJS: https://fullstack.edu.vn/courses/reactjs\nXây dựng web với Node & Express: https://fullstack.edu.vn/courses/nodejs\nHTML, CSS tips: https://fullstack.edu.vn/courses/html-css-tutorials\nỨng dụng cảnh báo khi sờ lên mặt: https://fullstack.edu.vn/courses/tool-canh-bao-so-len-mat\nXem thêm tại: https://fullstack.edu.vn/courses\n-------------------------------------\n\nF8 Official\n(c) Sơn Đặng\nWebsite: https://fullstack.edu.vn\nFacebook cá nhân: https://facebook.com/sondnf8\nNhóm Học Lập Trình Web: https://www.facebook.com/groups/f8official\nEmail: contact@fullstack.edu.vn\n\n© Bản quyền thuộc về Channel F8 Official ☞ Do not Reup\n© Nghiêm cấm sử dụng video nhằm mục đích thương mại dưới mọi hình thức.','https://www.youtube.com/watch?v=x0fSBAgBrOQ',1,1),(2,1,'SPA/MPA là gì | Khái niệm SPA |  ReactJS','Ở video này chúng ta sẽ cùng nhau tìm hiểu về SPA/MPA là gì? | Khái niệm SPA |  ReactJS \n\nSPA hay Single-page application là gì? Ngược lại chúng ta có MPA hay Multi-page application là gì? Hãy cùng tìm hiểu SPA & MPA qua bài học thuộc khóa ReactJS này nhé.\n#hoclaptrinh  #hoclaptrinhmienphi  #javascript #reactjs  #frontend  #backend  #devops  #f8\n-------\n☻ Phần mềm sử dụng trong video:\nCông cụ dịch Tiếng Anh: http://bit.ly/2Wsuhet\nCông cụ đo đạc giao diện web: https://s.net.vn/D8kL\nCông cụ viết CV xin việc chuyên nghiệp: https://mycv.vn\n--------------\n☻ Khóa học lập trình web MIỄN PHÍ:\nKiến thức nhập môn: https://fullstack.edu.vn/courses/lessons-for-newbie\nXây dựng giao diện với HTML, CSS: https://fullstack.edu.vn/courses/html-css\nXây dựng web responsive: https://fullstack.edu.vn/courses/responsive-web-design\nLập trình Javascript cơ bản: https://fullstack.edu.vn/courses/javascript-co-ban\nLập trình Javascript nâng cao: https://fullstack.edu.vn/courses/javascript-nang-cao\nLàm việc với Terminal & Ubuntu: https://fullstack.edu.vn/courses/windows-terminal-wsl\nXây Dựng Website với ReactJS: https://fullstack.edu.vn/courses/reactjs\nXây dựng web với Node & Express: https://fullstack.edu.vn/courses/nodejs\nHTML, CSS tips: https://fullstack.edu.vn/courses/html-css-tutorials\nỨng dụng cảnh báo khi sờ lên mặt: https://fullstack.edu.vn/courses/tool-canh-bao-so-len-mat\nXem thêm tại: https://fullstack.edu.vn/courses\n-------------------------------------\n\nF8 Official\n(c) Sơn Đặng\nWebsite: https://fullstack.edu.vn\nFacebook cá nhân: https://facebook.com/sondnf8\nNhóm Học Lập Trình Web: https://www.facebook.com/groups/f8official\nEmail: contact@fullstack.edu.vn\n\n© Bản quyền thuộc về Channel F8 Official ☞ Do not Reup\n© Nghiêm cấm sử dụng video nhằm mục đích thương mại dưới mọi hình thức.','https://www.youtube.com/watch?v=30sMCciFIAM',1340,2),(3,1,'Arrow function trong JavaScript ES6 | Khái niệm arrow function','Trong bài học tiếp theo này chúng ta sẽ học về Arrow function trong JavaScript ES6 | Khái niệm arrow function\n\n1. Giới thiệu (https://youtu.be/MFDXxCNqjKQ)\n2. Let & Const (https://youtu.be/tCPTBPua1Xo)\n3. Template literals (https://youtu.be/7Ls-fa8iVXA)\n4. Arrow function (https://youtu.be/9QeNLypIiZs)\n5. Classes (https://youtu.be/jSvViDjWXaE)\n6. Default parameter values (https://youtu.be/451KRGBBRJY)\n7. Enhanced object literals (https://youtu.be/WB6FQdp41hs)\n8. Spread (https://youtu.be/MJZICS7nQk8)\n9. Destructuring & Rest (https://youtu.be/J1m4vLDUhEI)\n10. Tagged template literals (https://youtu.be/XV0d0A37sd8)\n11. Modules (https://youtu.be/08lWi4T2Bfg)\n12. Optional chaining (https://youtu.be/kxX7kKjXXKs)\n\n#hoclaptrinh  #hoclaptrinhmienphi  #javascript  #frontend  #backend  #devops  #f8\n-------\n☻ Phần mềm sử dụng trong video:\nCông cụ dịch Tiếng Anh: http://bit.ly/2Wsuhet\nCông cụ đo đạc giao diện web: https://s.net.vn/D8kL\nCông cụ viết CV xin việc chuyên nghiệp: https://mycv.vn\n--------------\n☻ Khóa học lập trình web MIỄN PHÍ:\nKiến thức nhập môn: https://fullstack.edu.vn/courses/lessons-for-newbie\nXây dựng giao diện với HTML, CSS: https://fullstack.edu.vn/courses/html-css\nXây dựng web responsive: https://fullstack.edu.vn/courses/responsive-web-design\nLập trình Javascript cơ bản: https://fullstack.edu.vn/courses/javascript-co-ban\nLập trình Javascript nâng cao: https://fullstack.edu.vn/courses/javascript-nang-cao\nLàm việc với Terminal & Ubuntu: https://fullstack.edu.vn/courses/windows-terminal-wsl\nXây Dựng Website với ReactJS: https://fullstack.edu.vn/courses/reactjs\nXây dựng web với Node & Express: https://fullstack.edu.vn/courses/nodejs\nHTML, CSS tips: https://fullstack.edu.vn/courses/html-css-tutorials\nỨng dụng cảnh báo khi sờ lên mặt: https://fullstack.edu.vn/courses/tool-canh-bao-so-len-mat\nXem thêm tại: https://fullstack.edu.vn/courses\n-------------------------------------\n\nF8 Official\n(c) Sơn Đặng\nWebsite: https://fullstack.edu.vn\nFacebook cá nhân: https://facebook.com/sondnf8\nNhóm Học Lập Trình Web: https://www.facebook.com/groups/f8official\nEmail: contact@fullstack.edu.vn\n\n© Bản quyền thuộc về Channel F8 Official ☞ Do not Reup\n© Nghiêm cấm sử dụng video nhằm mục đích thương mại dưới mọi hình thức.','https://www.youtube.com/watch?v=9QeNLypIiZs',517,3),(4,2,'Module trong JavaScript ES6','Video này chúng ta sẽ tìm hiểu về khái niệm và ứng dụng của Module trong JavaScript ES6\n\n1. Giới thiệu (https://youtu.be/MFDXxCNqjKQ)\n2. Let & Const (https://youtu.be/tCPTBPua1Xo)\n3. Template literals (https://youtu.be/7Ls-fa8iVXA)\n4. Arrow function (https://youtu.be/9QeNLypIiZs)\n5. Classes (https://youtu.be/jSvViDjWXaE)\n6. Default parameter values (https://youtu.be/451KRGBBRJY)\n7. Enhanced object literals (https://youtu.be/WB6FQdp41hs)\n8. Spread (https://youtu.be/MJZICS7nQk8)\n9. Destructuring & Rest (https://youtu.be/J1m4vLDUhEI)\n10. Tagged template literals (https://youtu.be/XV0d0A37sd8)\n11. Modules (https://youtu.be/08lWi4T2Bfg)\n12. Optional chaining (https://youtu.be/kxX7kKjXXKs)\n\n#hoclaptrinh  #hoclaptrinhmienphi  #javascript  #frontend  #backend  #devops  #f8\n-------\n☻ Phần mềm sử dụng trong video:\nCông cụ dịch Tiếng Anh: http://bit.ly/2Wsuhet\nCông cụ đo đạc giao diện web: https://s.net.vn/D8kL\nCông cụ viết CV xin việc chuyên nghiệp: https://mycv.vn\n--------------\n☻ Khóa học lập trình web MIỄN PHÍ:\nKiến thức nhập môn: https://fullstack.edu.vn/courses/lessons-for-newbie\nXây dựng giao diện với HTML, CSS: https://fullstack.edu.vn/courses/html-css\nXây dựng web responsive: https://fullstack.edu.vn/courses/responsive-web-design\nLập trình Javascript cơ bản: https://fullstack.edu.vn/courses/javascript-co-ban\nLập trình Javascript nâng cao: https://fullstack.edu.vn/courses/javascript-nang-cao\nLàm việc với Terminal & Ubuntu: https://fullstack.edu.vn/courses/windows-terminal-wsl\nXây Dựng Website với ReactJS: https://fullstack.edu.vn/courses/reactjs\nXây dựng web với Node & Express: https://fullstack.edu.vn/courses/nodejs\nHTML, CSS tips: https://fullstack.edu.vn/courses/html-css-tutorials\nỨng dụng cảnh báo khi sờ lên mặt: https://fullstack.edu.vn/courses/tool-canh-bao-so-len-mat\nXem thêm tại: https://fullstack.edu.vn/courses\n-------------------------------------\n\nF8 Official\n(c) Sơn Đặng\nWebsite: https://fullstack.edu.vn\nFacebook cá nhân: https://facebook.com/sondnf8\nNhóm Học Lập Trình Web: https://www.facebook.com/groups/f8official\nEmail: contact@fullstack.edu.vn\n\n© Bản quyền thuộc về Channel F8 Official ☞ Do not Reup\n© Nghiêm cấm sử dụng video nhằm mục đích thương mại dưới mọi hình thức.','https://www.youtube.com/watch?v=08lWi4T2Bfg',890,5),(5,3,'Tổng quan về khóa học HTML CSS  JS','Học được gì trong khóa học?','https://www.youtube.com/watch?v=R6plN3FvzFY&list=PL_-VfJajZj0U9nEXa4qyfB4U5ZIYCMPlz',195,1),(6,4,'Tổng quan về ngôn ngữ python',' Giới thiệu ngôn ngữ lập trình Python','https://www.youtube.com/watch?v=NZj6LI5a9vc&list=PL33lvabfss1xczCv2BA0SaNJHu_VXsFtg',765,1),(33,2,'Enhanced object literals trong javascript ES6','Trong này chúng ta sẽ cùng nhau tiếp tục tìm hiểu thêm về một khái niệm nữa đó là Enhanced object literals trong javascript ES6\n\n1. Giới thiệu (https://youtu.be/MFDXxCNqjKQ)\n2. Let & Const (https://youtu.be/tCPTBPua1Xo)\n3. Template literals (https://youtu.be/7Ls-fa8iVXA)\n4. Arrow function (https://youtu.be/9QeNLypIiZs)\n5. Classes (https://youtu.be/jSvViDjWXaE)\n6. Default parameter values (https://youtu.be/451KRGBBRJY)\n7. Enhanced object literals (https://youtu.be/WB6FQdp41hs)\n8. Spread (https://youtu.be/MJZICS7nQk8)\n9. Destructuring & Rest (https://youtu.be/J1m4vLDUhEI)\n10. Tagged template literals (https://youtu.be/XV0d0A37sd8)\n11. Modules (https://youtu.be/08lWi4T2Bfg)\n12. Optional chaining (https://youtu.be/kxX7kKjXXKs)\n\n#hoclaptrinh  #hoclaptrinhmienphi  #javascript  #frontend  #backend  #devops  #f8\n-------\n☻ Phần mềm sử dụng trong video:\nCông cụ dịch Tiếng Anh: http://bit.ly/2Wsuhet\nCông cụ đo đạc giao diện web: https://s.net.vn/D8kL\nCông cụ viết CV xin việc chuyên nghiệp: https://mycv.vn\n--------------\n☻ Khóa học lập trình web MIỄN PHÍ:\nKiến thức nhập môn: https://fullstack.edu.vn/courses/lessons-for-newbie\nXây dựng giao diện với HTML, CSS: https://fullstack.edu.vn/courses/html-css\nXây dựng web responsive: https://fullstack.edu.vn/courses/responsive-web-design\nLập trình Javascript cơ bản: https://fullstack.edu.vn/courses/javascript-co-ban\nLập trình Javascript nâng cao: https://fullstack.edu.vn/courses/javascript-nang-cao\nLàm việc với Terminal & Ubuntu: https://fullstack.edu.vn/courses/windows-terminal-wsl\nXây Dựng Website với ReactJS: https://fullstack.edu.vn/courses/reactjs\nXây dựng web với Node & Express: https://fullstack.edu.vn/courses/nodejs\nHTML, CSS tips: https://fullstack.edu.vn/courses/html-css-tutorials\nỨng dụng cảnh báo khi sờ lên mặt: https://fullstack.edu.vn/courses/tool-canh-bao-so-len-mat\nXem thêm tại: https://fullstack.edu.vn/courses\n-------------------------------------\n\nF8 Official\n(c) Sơn Đặng\nWebsite: https://fullstack.edu.vn\nFacebook cá nhân: https://facebook.com/sondnf8\nNhóm Học Lập Trình Web: https://www.facebook.com/groups/f8official\nEmail: contact@fullstack.edu.vn\n\n© Bản quyền thuộc về Channel F8 Official ☞ Do not Reup\n© Nghiêm cấm sử dụng video nhằm mục đích thương mại dưới mọi hình thức.','https://www.youtube.com/watch?v=WB6FQdp41hs',315,7),(56,2,'Destructuring trong JavaScript ES6','Video này mình sẽ giới thiệu tới các bạn khái niệm của Destructuring trong JavaScript ES6\n\n1. Giới thiệu (https://youtu.be/MFDXxCNqjKQ)\n2. Let & Const (https://youtu.be/tCPTBPua1Xo)\n3. Template literals (https://youtu.be/7Ls-fa8iVXA)\n4. Arrow function (https://youtu.be/9QeNLypIiZs)\n5. Classes (https://youtu.be/jSvViDjWXaE)\n6. Default parameter values (https://youtu.be/451KRGBBRJY)\n7. Enhanced object literals (https://youtu.be/WB6FQdp41hs)\n8. Spread (https://youtu.be/MJZICS7nQk8)\n9. Destructuring & Rest (https://youtu.be/J1m4vLDUhEI)\n10. Tagged template literals (https://youtu.be/XV0d0A37sd8)\n11. Modules (https://youtu.be/08lWi4T2Bfg)\n12. Optional chaining (https://youtu.be/kxX7kKjXXKs)\n\n#hoclaptrinh  #hoclaptrinhmienphi  #javascript  #frontend  #backend  #devops  #f8\n-------\n☻ Phần mềm sử dụng trong video:\nCông cụ dịch Tiếng Anh: http://bit.ly/2Wsuhet\nCông cụ đo đạc giao diện web: https://s.net.vn/D8kL\nCông cụ viết CV xin việc chuyên nghiệp: https://mycv.vn\n--------------\n☻ Khóa học lập trình web MIỄN PHÍ:\nKiến thức nhập môn: https://fullstack.edu.vn/courses/lessons-for-newbie\nXây dựng giao diện với HTML, CSS: https://fullstack.edu.vn/courses/html-css\nXây dựng web responsive: https://fullstack.edu.vn/courses/responsive-web-design\nLập trình Javascript cơ bản: https://fullstack.edu.vn/courses/javascript-co-ban\nLập trình Javascript nâng cao: https://fullstack.edu.vn/courses/javascript-nang-cao\nLàm việc với Terminal & Ubuntu: https://fullstack.edu.vn/courses/windows-terminal-wsl\nXây Dựng Website với ReactJS: https://fullstack.edu.vn/courses/reactjs\nXây dựng web với Node & Express: https://fullstack.edu.vn/courses/nodejs\nHTML, CSS tips: https://fullstack.edu.vn/courses/html-css-tutorials\nỨng dụng cảnh báo khi sờ lên mặt: https://fullstack.edu.vn/courses/tool-canh-bao-so-len-mat\nXem thêm tại: https://fullstack.edu.vn/courses\n-------------------------------------\n\nF8 Official\n(c) Sơn Đặng\nWebsite: https://fullstack.edu.vn\nFacebook cá nhân: https://facebook.com/sondnf8\nNhóm Học Lập Trình Web: https://www.facebook.com/groups/f8official\nEmail: contact@fullstack.edu.vn\n\n© Bản quyền thuộc về Channel F8 Official ☞ Do not Reup\n© Nghiêm cấm sử dụng video nhằm mục đích thương mại dưới mọi hình thức.','https://www.youtube.com/watch?v=J1m4vLDUhEI',800,8),(57,2,'Spread trong JavaScript ES6','Ở trong video này mình sẽ cùng các bạn tìm hiểu về khái niệm của Spread trong JavaScript ES6\n\n1. Giới thiệu (https://youtu.be/MFDXxCNqjKQ)\n2. Let & Const (https://youtu.be/tCPTBPua1Xo)\n3. Template literals (https://youtu.be/7Ls-fa8iVXA)\n4. Arrow function (https://youtu.be/9QeNLypIiZs)\n5. Classes (https://youtu.be/jSvViDjWXaE)\n6. Default parameter values (https://youtu.be/451KRGBBRJY)\n7. Enhanced object literals (https://youtu.be/WB6FQdp41hs)\n8. Spread (https://youtu.be/MJZICS7nQk8)\n9. Destructuring & Rest (https://youtu.be/J1m4vLDUhEI)\n10. Tagged template literals (https://youtu.be/XV0d0A37sd8)\n11. Modules (https://youtu.be/08lWi4T2Bfg)\n12. Optional chaining (https://youtu.be/kxX7kKjXXKs)\n\n#hoclaptrinh  #hoclaptrinhmienphi  #javascript  #frontend  #backend  #devops  #f8\n-------\n☻ Phần mềm sử dụng trong video:\nCông cụ dịch Tiếng Anh: http://bit.ly/2Wsuhet\nCông cụ đo đạc giao diện web: https://s.net.vn/D8kL\nCông cụ viết CV xin việc chuyên nghiệp: https://mycv.vn\n--------------\n☻ Khóa học lập trình web MIỄN PHÍ:\nKiến thức nhập môn: https://fullstack.edu.vn/courses/lessons-for-newbie\nXây dựng giao diện với HTML, CSS: https://fullstack.edu.vn/courses/html-css\nXây dựng web responsive: https://fullstack.edu.vn/courses/responsive-web-design\nLập trình Javascript cơ bản: https://fullstack.edu.vn/courses/javascript-co-ban\nLập trình Javascript nâng cao: https://fullstack.edu.vn/courses/javascript-nang-cao\nLàm việc với Terminal & Ubuntu: https://fullstack.edu.vn/courses/windows-terminal-wsl\nXây Dựng Website với ReactJS: https://fullstack.edu.vn/courses/reactjs\nXây dựng web với Node & Express: https://fullstack.edu.vn/courses/nodejs\nHTML, CSS tips: https://fullstack.edu.vn/courses/html-css-tutorials\nỨng dụng cảnh báo khi sờ lên mặt: https://fullstack.edu.vn/courses/tool-canh-bao-so-len-mat\nXem thêm tại: https://fullstack.edu.vn/courses\n-------------------------------------\n\nF8 Official\n(c) Sơn Đặng\nWebsite: https://fullstack.edu.vn\nFacebook cá nhân: https://facebook.com/sondnf8\nNhóm Học Lập Trình Web: https://www.facebook.com/groups/f8official\nEmail: contact@fullstack.edu.vn\n\n© Bản quyền thuộc về Channel F8 Official ☞ Do not Reup\n© Nghiêm cấm sử dụng video nhằm mục đích thương mại dưới mọi hình thức.','https://www.youtube.com/watch?v=MJZICS7nQk8&t=1s',837,6),(62,31,'Sử dụng ReactDOM Version 18 | Video bổ sung khóa học ReactJS F8','Trong video này sẽ là hướng dẫn các bạn sử dụng ReactDOM Version 18 | Video bổ sung khóa học ReactJS F8\n\n#hoclaptrinh  #hoclaptrinhmienphi  #javascript #reactjs  #frontend  #backend  #devops  #f8\n-------\n☻ Phần mềm sử dụng trong video:\nCông cụ dịch Tiếng Anh: http://bit.ly/2Wsuhet\nCông cụ đo đạc giao diện web: https://s.net.vn/D8kL\nCông cụ viết CV xin việc chuyên nghiệp: https://mycv.vn\n--------------\n☻ Khóa học lập trình web MIỄN PHÍ:\nKiến thức nhập môn: https://fullstack.edu.vn/courses/lessons-for-newbie\nXây dựng giao diện với HTML, CSS: https://fullstack.edu.vn/courses/html-css\nXây dựng web responsive: https://fullstack.edu.vn/courses/responsive-web-design\nLập trình Javascript cơ bản: https://fullstack.edu.vn/courses/javascript-co-ban\nLập trình Javascript nâng cao: https://fullstack.edu.vn/courses/javascript-nang-cao\nLàm việc với Terminal & Ubuntu: https://fullstack.edu.vn/courses/windows-terminal-wsl\nXây Dựng Website với ReactJS: https://fullstack.edu.vn/courses/reactjs\nXây dựng web với Node & Express: https://fullstack.edu.vn/courses/nodejs\nHTML, CSS tips: https://fullstack.edu.vn/courses/html-css-tutorials\nỨng dụng cảnh báo khi sờ lên mặt: https://fullstack.edu.vn/courses/tool-canh-bao-so-len-mat\nXem thêm tại: https://fullstack.edu.vn/courses\n-------------------------------------\n\nF8 Official\n(c) Sơn Đặng\nWebsite: https://fullstack.edu.vn\nFacebook cá nhân: https://facebook.com/sondnf8\nNhóm Học Lập Trình Web: https://www.facebook.com/groups/f8official\nEmail: contact@fullstack.edu.vn\n\n© Bản quyền thuộc về Channel F8 Official ☞ Do not Reup\n© Nghiêm cấm sử dụng video nhằm mục đích thương mại dưới mọi hình thức.','https://www.youtube.com/watch?v=AJ8j6_L94Bc&t=1s',423,9),(63,31,'Phương thức React.createElement() của thư viện ReactJS','Trong video này chúng ta sẽ đi vào tìm hiểu về một phương thức createElement nữa, đó là phương thức React.createElement() của thư viện ReactJS\n\nCách đây 1 bài chúng ta đã học về document.createElement() rồi đúng không anh em? Trong bài này chúng ta sẽ cùng học về method cùng tên nhưng là của thư viện React, React.createElement(type, props, children, childrenN, ...)\n\n#hoclaptrinh  #hoclaptrinhmienphi  #javascript #reactjs  #frontend  #backend  #devops  #f8\n-------\n☻ Phần mềm sử dụng trong video:\nCông cụ dịch Tiếng Anh: http://bit.ly/2Wsuhet\nCông cụ đo đạc giao diện web: https://s.net.vn/D8kL\nCông cụ viết CV xin việc chuyên nghiệp: https://mycv.vn\n--------------\n☻ Khóa học lập trình web MIỄN PHÍ:\nKiến thức nhập môn: https://fullstack.edu.vn/courses/lessons-for-newbie\nXây dựng giao diện với HTML, CSS: https://fullstack.edu.vn/courses/html-css\nXây dựng web responsive: https://fullstack.edu.vn/courses/responsive-web-design\nLập trình Javascript cơ bản: https://fullstack.edu.vn/courses/javascript-co-ban\nLập trình Javascript nâng cao: https://fullstack.edu.vn/courses/javascript-nang-cao\nLàm việc với Terminal & Ubuntu: https://fullstack.edu.vn/courses/windows-terminal-wsl\nXây Dựng Website với ReactJS: https://fullstack.edu.vn/courses/reactjs\nXây dựng web với Node & Express: https://fullstack.edu.vn/courses/nodejs\nHTML, CSS tips: https://fullstack.edu.vn/courses/html-css-tutorials\nỨng dụng cảnh báo khi sờ lên mặt: https://fullstack.edu.vn/courses/tool-canh-bao-so-len-mat\nXem thêm tại: https://fullstack.edu.vn/courses\n-------------------------------------\n\nF8 Official\n(c) Sơn Đặng\nWebsite: https://fullstack.edu.vn\nFacebook cá nhân: https://facebook.com/sondnf8\nNhóm Học Lập Trình Web: https://www.facebook.com/groups/f8official\nEmail: contact@fullstack.edu.vn\n\n© Bản quyền thuộc về Channel F8 Official ☞ Do not Reup\n© Nghiêm cấm sử dụng video nhằm mục đích thương mại dưới mọi hình thức.','https://www.youtube.com/watch?v=JN_SxpAujDw',871,10),(100,34,'Giới thiệu về JAVA','v.v','https://www.youtube.com/watch?v=3gtOAlcovoQ&list=PL33lvabfss1yGrOutFR03OZoqm91TSsvs',551,1),(102,45,'Cú pháp cơ bản','Cài đặt môi trường offline','https://www.youtube.com/watch?v=h_ZLJbqmxnM&list=PLb0HAAd1rDhGEEIch0NWsTVJ-YQ3jwI9g&index=2',256,1),(103,46,'Các kiểu dữ liệu cơ bản của Kotlin','Các kiểu dữ liệu cơ bản của Kotlin','https://www.youtube.com/watch?v=SW4JRU5wuCk&list=PLb0HAAd1rDhGEEIch0NWsTVJ-YQ3jwI9g&index=5',1137,3),(104,45,'Cú pháp cơ bản','Kotlin Basic Syntax\n','https://www.youtube.com/watch?v=SKoqE5D7S9Q&list=PLb0HAAd1rDhGEEIch0NWsTVJ-YQ3jwI9g&index=4',1761,2),(105,46,'Packages và imports','giới thiệu về packages và imports','https://www.youtube.com/watch?v=23peVh5TpPM&list=PLb0HAAd1rDhGEEIch0NWsTVJ-YQ3jwI9g&index=6',341,4),(106,47,'Properties and Fields','Thuộc tính và trường \n','https://www.youtube.com/watch?v=hV5rrHrb9D4&list=PLb0HAAd1rDhGEEIch0NWsTVJ-YQ3jwI9g&index=8',850,5),(107,47,'Classes and inheritance','Lớp và tính kế thừa','https://www.youtube.com/watch?v=pToEMgrY6C8&list=PLb0HAAd1rDhGEEIch0NWsTVJ-YQ3jwI9g&index=7',1452,6),(108,47,'Data class','Lớp dữ liệu \n','https://www.youtube.com/watch?v=OiC7dZc1oGY&list=PLb0HAAd1rDhGEEIch0NWsTVJ-YQ3jwI9g&index=14',944,7),(109,47,'Object ','expressions & declarations','https://www.youtube.com/watch?v=y8WiwuyhQlQ&list=PLb0HAAd1rDhGEEIch0NWsTVJ-YQ3jwI9g&index=20',1140,8),(110,4,'Cài đặt môi trường ','Chạy file Python','https://www.youtube.com/watch?v=QFxqY8qv42E&list=PL33lvabfss1xczCv2BA0SaNJHu_VXsFtg&index=3',803,2),(111,4,'Variable','Biến trong Python','https://www.youtube.com/watch?v=nclE18Yl-kA&list=PL33lvabfss1xczCv2BA0SaNJHu_VXsFtg&index=5',978,3),(112,48,'Kiểu số trong Python','Python','https://www.youtube.com/watch?v=IAVvgqDBiv0&list=PL33lvabfss1xczCv2BA0SaNJHu_VXsFtg&index=6',2315,4),(113,48,'Kiểu chuỗi trong Python','Python','https://www.youtube.com/watch?v=Vb6XWSLPQfg&list=PL33lvabfss1xczCv2BA0SaNJHu_VXsFtg&index=7',1591,5),(114,48,'List trong Python','Python','https://www.youtube.com/watch?v=UzTE665WXb8&list=PL33lvabfss1xczCv2BA0SaNJHu_VXsFtg&index=12',2596,6),(115,48,'Tuple trong Python','Python','https://www.youtube.com/watch?v=dDFFCbRGm3o&list=PL33lvabfss1xczCv2BA0SaNJHu_VXsFtg&index=14',1232,7),(116,49,'Function trong python ','Sơ lược về hàm','https://www.youtube.com/watch?v=a6FnNvt3Fw4&list=PL33lvabfss1xczCv2BA0SaNJHu_VXsFtg&index=28',1379,8),(117,49,'Function trong python ','Positional','https://www.youtube.com/watch?v=M77p3PB-qzM&list=PL33lvabfss1xczCv2BA0SaNJHu_VXsFtg&index=29',661,9),(118,49,' Function trong Python ','Packing và unpacking','https://www.youtube.com/watch?v=0Gf5MVTWuCY&list=PL33lvabfss1xczCv2BA0SaNJHu_VXsFtg&index=30',850,10),(119,49,'Function trong Python ','Locals và globals','https://www.youtube.com/watch?v=w7qnt6iIakM&list=PL33lvabfss1xczCv2BA0SaNJHu_VXsFtg&index=31',805,11),(120,49,'Function trong Python ','Đệ quy','https://www.youtube.com/watch?v=AFNMgGmWcdQ&list=PL33lvabfss1xczCv2BA0SaNJHu_VXsFtg&index=36',609,12),(121,50,'Giới thiệu và tạo ứng dụng web đầu tiên','ASP.net','https://www.youtube.com/watch?v=haz3Ta4lvw4&list=PLwJr0JSP7i8DXGzj8NgnhOApBMRhWD4J-',2980,1),(122,50,'Middleware và pipeline luồng xử lý HttpContext','lập trình C# .NET','https://www.youtube.com/watch?v=kYg8_3sbb1o&list=PLwJr0JSP7i8DXGzj8NgnhOApBMRhWD4J-&index=2',2081,2),(123,50,'Tích hợp Webpack, đọc HttpRequest, Cookie, trả về JSON','UploadFile ASP.NET','https://www.youtube.com/watch?v=3t7EsWvu3Mc&list=PLwJr0JSP7i8DXGzj8NgnhOApBMRhWD4J-&index=3',2732,3),(124,50,'Cấu hình ứng dụng và DI trong ứng dụng ASP.NET','Lập trình C#','https://www.youtube.com/watch?v=9NIU--AIw6Y&list=PLwJr0JSP7i8DXGzj8NgnhOApBMRhWD4J-&index=4',1424,4),(125,51,'Giới thiệu và khởi tạo trang web với Razor Page','lập trình C# .NET Core','https://www.youtube.com/watch?v=FTHtby9qvBw&list=PLwJr0JSP7i8DXGzj8NgnhOApBMRhWD4J-&index=7',3450,5),(126,51,'Cú pháp cơ bản trong ASP.NET Razor','lập trình C# .NET Core\n','https://www.youtube.com/watch?v=EUwLp91xo6k&list=PLwJr0JSP7i8DXGzj8NgnhOApBMRhWD4J-&index=8',1090,6),(127,51,'PartialView và ViewComponent trong ASP.NET','lập trình C# .NET Core\n','https://www.youtube.com/watch?v=PghZfnDJl-0&list=PLwJr0JSP7i8DXGzj8NgnhOApBMRhWD4J-&index=10',2635,7),(128,51,'Tùy biến các trang quản lý tài khoản cá nhân trong Identity ','ASP.NET\n','https://www.youtube.com/watch?v=maLqYmVHIek&list=PLwJr0JSP7i8DXGzj8NgnhOApBMRhWD4J-&index=22',2015,8),(129,52,'Tạo dự án ứng dụng web mô hình MVC, tìm hiểu Controller, View, Model','Lập trình ASP.NET MVC','https://www.youtube.com/watch?v=-MctlvnYAC4&list=PLwJr0JSP7i8DXGzj8NgnhOApBMRhWD4J-&index=25',3788,9),(130,52,'Ôn tập Model Binding/Validation','tạo trang liên hệ, sử dụng Gulp CSS','https://www.youtube.com/watch?v=E8kfcG98rj4&list=PLwJr0JSP7i8DXGzj8NgnhOApBMRhWD4J-&index=28',2083,10),(131,52,'Xây dựng model và các trang quản lý sản phẩm','website asp.net','https://www.youtube.com/watch?v=vsRI4dcHlYA&list=PLwJr0JSP7i8DXGzj8NgnhOApBMRhWD4J-&index=35',2599,11),(132,52,'Xây dựng chức năng Upload hình ảnh cho sản phẩm ','website asp.net','https://www.youtube.com/watch?v=RGyfm-tfTF0&list=PLwJr0JSP7i8DXGzj8NgnhOApBMRhWD4J-&index=36',3350,12),(133,52,'Publish ứng dụng, triển khai chạy ứng dụng với Nginx, Http Apache','Kết thúc','https://www.youtube.com/watch?v=sYJ29SgYTQk&list=PLwJr0JSP7i8DXGzj8NgnhOApBMRhWD4J-&index=40',4063,13),(134,3,'Ví dụ trực quan về HTML & CSS','HTML CSS là gì?','https://www.youtube.com/watch?v=zwsPND378OQ&list=PL_-VfJajZj0U9nEXa4qyfB4U5ZIYCMPlz&index=2',149,2),(135,53,'Những thẻ HTML thông dụng','v.v','https://www.youtube.com/watch?v=AzmdwZ6e_aM&list=PL_-VfJajZj0U9nEXa4qyfB4U5ZIYCMPlz&index=7',668,3),(136,54,'Cách sử dụng CSS trong HTML','Hướng dẫn chi tiết của từng cách','https://www.youtube.com/watch?v=NsSsJTg29oE&list=PL_-VfJajZj0U9nEXa4qyfB4U5ZIYCMPlz&index=9',433,5),(137,53,'Cấu trúc file HTML','Khởi tạo folder dự án trong HTML','https://www.youtube.com/watch?v=LYnrFSGLCl8&list=PL_-VfJajZj0U9nEXa4qyfB4U5ZIYCMPlz&index=5',380,4),(138,54,'ID và Class trong CSS','selectors','https://www.youtube.com/watch?v=4J6d8cr0X48&list=PL_-VfJajZj0U9nEXa4qyfB4U5ZIYCMPlz&index=10',258,6),(139,54,'Mức độ ưu tiên trong CSS','v.v','https://www.youtube.com/watch?v=AgZ0PX28bnA&list=PL_-VfJajZj0U9nEXa4qyfB4U5ZIYCMPlz&index=11',631,7),(140,54,'CSS Variable là gì? ','Cách đặt biến trong CSS','https://www.youtube.com/watch?v=x9fnxVTkpP4',228,8),(141,54,'CSS Units là gì? ','Các đơn vị trong CSS','https://www.youtube.com/watch?v=pcUiTt6eBk0&list=PL_-VfJajZj0U9nEXa4qyfB4U5ZIYCMPlz&index=13',656,9),(142,54,'CSS Background-image ','Thuộc tính Background-image','https://www.youtube.com/watch?v=OPz7Uz20XNQ&list=PL_-VfJajZj0U9nEXa4qyfB4U5ZIYCMPlz&index=19',767,10),(143,55,'Flexbox CSS | Flexbox layout | Flexbox example','Flexbox trong CSS','https://www.youtube.com/watch?v=G19jZzK5FWI&list=PL_-VfJajZj0U9nEXa4qyfB4U5ZIYCMPlz&index=33',2104,11),(144,55,'Liên hệ Flex model với các thuộc tính Flexbox trong CSS','v.v','https://www.youtube.com/watch?v=Ma8q2RYH5qY&list=PL_-VfJajZj0U9nEXa4qyfB4U5ZIYCMPlz&index=34',863,12),(145,56,'Javascript có thể làm được gì?','Học lập trình Javascript cơ bản','https://www.youtube.com/watch?v=0SJE9dYdpps&list=PL_-VfJajZj0VgpFpEVFzS5Z-lkXtBe-x5',473,13),(146,56,'Toán tử logical và câu lệnh điều kiện If trong JavaScript','v.v','https://www.youtube.com/watch?v=j1PbSq5kJKY&list=PL_-VfJajZj0VgpFpEVFzS5Z-lkXtBe-x5&index=19',793,14),(147,56,'Chuỗi trong JavaScript','JavaScript String','https://www.youtube.com/watch?v=6F_dajRCC9Q&list=PL_-VfJajZj0VgpFpEVFzS5Z-lkXtBe-x5&index=20',649,15),(148,56,'Mảng trong JavaScript','JavaScript array','https://www.youtube.com/watch?v=YzO65uOJNMg&list=PL_-VfJajZj0VgpFpEVFzS5Z-lkXtBe-x5&index=23',608,16),(149,34,'Cài đặt môi trường Java','v.v','https://www.youtube.com/watch?v=KjMRn1YQcLc&list=PL33lvabfss1yGrOutFR03OZoqm91TSsvs&index=2',861,2),(150,57,' Biến trong Java ','v.v','https://www.youtube.com/watch?v=G2mCSTtBojM&list=PL33lvabfss1yGrOutFR03OZoqm91TSsvs&index=4',909,3),(151,57,'Kiểu dữ liệu trong Java','v.v','https://www.youtube.com/watch?v=4k_5vWY2wps&list=PL33lvabfss1yGrOutFR03OZoqm91TSsvs&index=5',572,4),(152,57,'Hằng trong Java','v.v','https://www.youtube.com/watch?v=dqybUkGCaVw&list=PL33lvabfss1yGrOutFR03OZoqm91TSsvs&index=7',483,5),(153,57,'Vòng lặp While trong Java','v.v','https://www.youtube.com/watch?v=tDfQ33fmmvs&list=PL33lvabfss1yGrOutFR03OZoqm91TSsvs&index=10',545,6),(154,57,'Vòng lặp For trong Java','v.v','https://www.youtube.com/watch?v=1QVfZFOt7uI&list=PL33lvabfss1yGrOutFR03OZoqm91TSsvs&index=11',600,7),(155,57,'tính chất của OOP','v.v','https://www.youtube.com/watch?v=u-yPTK1pHQM&list=PL33lvabfss1yGrOutFR03OZoqm91TSsvs&index=28',1190,8),(156,58,'Tạo project và làm quen với Xcode','v.v','https://www.youtube.com/watch?v=M3wTYRVairU&list=PLBgIyLVk3GlT07wf1UPCDg6duV2iDKVbu',649,1),(157,58,'Các thành phần chính trong Xcode project','v.v','https://www.youtube.com/watch?v=SeNImbvIlak&list=PLBgIyLVk3GlT07wf1UPCDg6duV2iDKVbu&index=2',710,2),(158,58,'Kết nối giao diện với mã nguồn','v.v','https://www.youtube.com/watch?v=_rKT6XWiP2M&list=PLBgIyLVk3GlT07wf1UPCDg6duV2iDKVbu&index=3',628,3),(159,59,'Làm việc với UIImageView','v.v','https://www.youtube.com/watch?v=f_BNQClxGS4&list=PLBgIyLVk3GlT07wf1UPCDg6duV2iDKVbu&index=10',858,4),(160,59,'Làm việc với UISwitch','v.v','https://www.youtube.com/watch?v=N5C3-_1gTDs&list=PLBgIyLVk3GlT07wf1UPCDg6duV2iDKVbu&index=12',358,5),(161,59,'Hướng dẫn tạo Animation bằng UIImageView và UISlider','v.v','https://www.youtube.com/watch?v=zKWGRovfP3g&list=PLBgIyLVk3GlT07wf1UPCDg6duV2iDKVbu&index=15',300,6),(162,60,'Làm việc với CustomTableviewCell','IOS','https://www.youtube.com/watch?v=hYlSrxCsJY4&list=PLBgIyLVk3GlT07wf1UPCDg6duV2iDKVbu&index=28',990,7),(163,60,'Làm việc với MyWebView','IOS','https://www.youtube.com/watch?v=EpoGVHZ7Gvc&list=PLBgIyLVk3GlT07wf1UPCDg6duV2iDKVbu&index=29',1054,8),(164,60,'Làm việc với UITableView','IOS','https://www.youtube.com/watch?v=AMiD3F2LJDQ&list=PLBgIyLVk3GlT07wf1UPCDg6duV2iDKVbu&index=31',1109,9),(165,60,'Làm việc với UITableViewDelegate','IOS','https://www.youtube.com/watch?v=-tDQJrnbsj4&list=PLBgIyLVk3GlT07wf1UPCDg6duV2iDKVbu&index=32',1127,10),(166,36,'Giới thiệu về khóa học lập trình C','Nhập môn','https://www.youtube.com/watch?v=MBbuDohJXN8&list=PLzQuu4-Qxlh7lfDpA2lhuBHMNMskLE2QZ',360,1),(167,36,' Lợi ích khi học lập trình C','...','https://www.youtube.com/watch?v=yiB5AdEQHPY&list=PLzQuu4-Qxlh7lfDpA2lhuBHMNMskLE2QZ&index=2',252,2),(168,61,'Ngôn ngữ lập trình - phương pháp lập trình - quy trình nhập - xử lý - xuất và vẽ lưu đồ','v.v','https://www.youtube.com/watch?v=Qf6O1cYIF5k&list=PLzQuu4-Qxlh7lfDpA2lhuBHMNMskLE2QZ&index=3',2433,3),(169,62,'Cài đặt và cấu hình Dev-C++ để lập trình C và C++','...','https://www.youtube.com/watch?v=FKrukvR62yo&list=PLzQuu4-Qxlh7lfDpA2lhuBHMNMskLE2QZ&index=4',1117,4),(170,62,'Làm quen với lập trình C và Dev-C++ qua một số ví dụ đơn giản','...','https://www.youtube.com/watch?v=ymeQrma63qs&list=PLzQuu4-Qxlh7lfDpA2lhuBHMNMskLE2QZ&index=6',1814,5),(171,63,'Các thành phần cơ bản trong ngôn ngữ lập trình C','...','https://www.youtube.com/watch?v=IQkbu7E7L08&list=PLzQuu4-Qxlh7lfDpA2lhuBHMNMskLE2QZ&index=7',1810,6),(172,63,'Hàm nhập xuất trong ngôn ngữ lập trình C','...','https://www.youtube.com/watch?v=qm_5cRgWS9U&list=PLzQuu4-Qxlh7lfDpA2lhuBHMNMskLE2QZ&index=9',2414,7),(173,64,' Cấu trúc rẽ nhánh IF trong lập trình C','...','https://www.youtube.com/watch?v=CcwVcf1-Tj8&list=PLzQuu4-Qxlh7lfDpA2lhuBHMNMskLE2QZ&index=11',1747,8),(174,64,'Cấu trúc rẽ nhánh switch... case trong lập trình C','...','https://www.youtube.com/watch?v=InZSSVRw5pA&list=PLzQuu4-Qxlh7lfDpA2lhuBHMNMskLE2QZ&index=17',2397,9),(175,65,'Cấu trúc lặp for trong ngôn ngữ lập trình C','...','https://www.youtube.com/watch?v=fIIfADAXxKQ&list=PLzQuu4-Qxlh7lfDpA2lhuBHMNMskLE2QZ&index=19',3544,10),(176,65,'Cấu trúc lặp while và do ... while trong ngôn ngữ lập trình C','...','https://www.youtube.com/watch?v=2zKoEqUTTak&list=PLzQuu4-Qxlh7lfDpA2lhuBHMNMskLE2QZ&index=24',1289,11),(177,66,'Giới thiệu React Native','Mở đầu khóa học ','https://www.youtube.com/watch?v=atPKL_H0wxY&list=PLRb-vAn1juPTqQ25wH7EBSAj4IJjBjOl0',270,1),(178,66,'Cài đặt môi trường','...','https://www.youtube.com/watch?v=dxFM9vIaOiE&list=PLRb-vAn1juPTqQ25wH7EBSAj4IJjBjOl0&index=2',826,2),(179,67,'Basic UI components','...','https://www.youtube.com/watch?v=MG1bv16VOg0&list=PLRb-vAn1juPTqQ25wH7EBSAj4IJjBjOl0&index=4',453,3),(180,67,'Styling React Native','...','https://www.youtube.com/watch?v=Hth-MKVtrto&list=PLRb-vAn1juPTqQ25wH7EBSAj4IJjBjOl0&index=5',481,4),(181,67,'Layout & FlexBox','...','https://www.youtube.com/watch?v=1C2cy-hdMLk&list=PLRb-vAn1juPTqQ25wH7EBSAj4IJjBjOl0&index=6',618,5),(182,67,'Bottom-Tab Navigation','...','https://www.youtube.com/watch?v=DOtj1sk5Fb8&list=PLRb-vAn1juPTqQ25wH7EBSAj4IJjBjOl0&index=11',1036,6),(183,67,'Custom Hook','...','https://www.youtube.com/watch?v=B-RpiVQff9o&list=PLRb-vAn1juPTqQ25wH7EBSAj4IJjBjOl0&index=24',334,7),(184,68,'Demo 1','...','https://www.youtube.com/watch?v=cV_w0w4By0g&list=PLRb-vAn1juPTqQ25wH7EBSAj4IJjBjOl0&index=28',670,8),(185,68,'Demo 2','...','https://www.youtube.com/watch?v=x0dndoajO8A&list=PLRb-vAn1juPTqQ25wH7EBSAj4IJjBjOl0&index=29',534,9),(186,68,'Demo 3','...','https://www.youtube.com/watch?v=U-mPjX9bnkE&list=PLRb-vAn1juPTqQ25wH7EBSAj4IJjBjOl0&index=30',937,10),(187,68,'Demo 4','...','https://www.youtube.com/watch?v=eiKfrW7ECa0&list=PLRb-vAn1juPTqQ25wH7EBSAj4IJjBjOl0&index=31',786,11),(188,68,'...','Demo 5','https://www.youtube.com/watch?v=8cBWw-RFQC4&list=PLRb-vAn1juPTqQ25wH7EBSAj4IJjBjOl0&index=32',1401,12),(189,68,'Demo 6','...','https://www.youtube.com/watch?v=i-zxBH8WMik&list=PLRb-vAn1juPTqQ25wH7EBSAj4IJjBjOl0&index=33',881,13),(190,69,'Học thiết kế đồ họa cho người mới bắt đầu, Khai giảng khóa học đồ họa cho người mới','...','https://www.youtube.com/watch?v=4u_t8Jm-d68',5705,1),(191,70,'THIẾT KẾ BANNER CHUYÊN NGHIỆP','...','https://www.youtube.com/watch?v=vMm0ZPQsqBQ&list=PLDOsZIVq3U4Q7AljKeQc1RpA75ZfVmyBo&index=2',2681,1),(192,71,'CÁCH TẠO CHẤT LIỆU PATTERN TRONG ILLUSTRATOR','...','https://www.youtube.com/watch?v=znLycr5dUBw&list=PLDOsZIVq3U4Q7AljKeQc1RpA75ZfVmyBo&index=3',9045,2),(193,72,'HỌC COREL TỪ CƠ BẢN ĐẾN NÂNG CAO','https://www.youtube.com/watch?v=ye_npKcErrY&list=PLDOsZIVq3U4Q7AljKeQc1RpA75ZfVmyBo&index=5','https://www.youtube.com/watch?v=ye_npKcErrY&list=PLDOsZIVq3U4Q7AljKeQc1RpA75ZfVmyBo&index=5',5149,3),(194,73,'THIẾT KẾ POSTER CHUYÊN NGHIỆP','P1','https://www.youtube.com/watch?v=rdSLxzx6zdk&list=PLDOsZIVq3U4Q7AljKeQc1RpA75ZfVmyBo&index=26',2853,4),(196,74,'Học thiết kế Menu bằng Indesign','Design Menu by INDESIGN','https://www.youtube.com/watch?v=8QaZZZGskAI&list=PLDOsZIVq3U4Q7AljKeQc1RpA75ZfVmyBo&index=30',7504,5),(197,74,'THIẾT KẾ PROFILE BẰNG INDESIGN','HỌC ADOBE INDESIGN CHUYÊN NGHIỆP','https://www.youtube.com/watch?v=ckGC7reVCh8&list=PLDOsZIVq3U4Q7AljKeQc1RpA75ZfVmyBo&index=31',6265,6),(198,75,'Bố cục cơ bản trong Illustrator','...','https://www.youtube.com/watch?v=NtL76r2gqys&list=PLDOsZIVq3U4Q7AljKeQc1RpA75ZfVmyBo&index=33',6977,7),(199,75,'Ứng dụng nét trong Illustrator','...','https://www.youtube.com/watch?v=Pe06en_2SJs&list=PLDOsZIVq3U4Q7AljKeQc1RpA75ZfVmyBo&index=36',3748,8),(200,76,'Photoshop training course',' Toàn bộ khóa học Photoshop cơ bản','https://www.youtube.com/watch?v=ZbvLJ5XtPpA',23303,1),(201,77,'sử dụng Artboards trong Adobe Illustrator','...','https://www.youtube.com/watch?v=SFh7OvTT8ZM&list=PL6G5alza0BdSq48VSa1T3ApIkf5Wflb7Q&index=3',1327,1),(202,78,'Cách sử dụng Pathfinder, Shape Builder Tool và Outline Stroke trong Adobe Illustrator','...','https://www.youtube.com/watch?v=lnmpiWPaS8U&list=PL6G5alza0BdSq48VSa1T3ApIkf5Wflb7Q&index=7',4188,2),(203,79,'Biến dạng đối tượng với Pucker & Bloat, Warp Object và Offset Path trong Illustrator','...','https://www.youtube.com/watch?v=gQgd79NXQgA&list=PL6G5alza0BdSq48VSa1T3ApIkf5Wflb7Q&index=8',2092,3),(204,80,' Sử Dụng Brush Trong Illustrator','...','https://www.youtube.com/watch?v=cyzLLW6hL6A&list=PL6G5alza0BdSq48VSa1T3ApIkf5Wflb7Q&index=10',2856,4),(205,80,'Sử Dụng Pen Tool Trong Illustrator','...','https://www.youtube.com/watch?v=D1mr76Bm2O8&list=PL6G5alza0BdSq48VSa1T3ApIkf5Wflb7Q&index=11',1831,5),(206,80,'Width Tool và Blend Tool trong Illustrator','...','https://www.youtube.com/watch?v=aq6aA6FUDu8&list=PL6G5alza0BdSq48VSa1T3ApIkf5Wflb7Q&index=13',1875,6),(207,81,'Improve English speaking reflexes','#1','https://www.youtube.com/watch?v=P-4vznK6Du0&t=788s',1247,1),(208,81,'Improve English speaking reflexes','#2','https://www.youtube.com/watch?v=4tYGH03EcDo',1270,2),(209,82,'Practice listening to English passively','#2','https://www.youtube.com/watch?v=aE5WCPxQ8sU',2287,4),(210,82,'Practice listening to English passively','#1','https://www.youtube.com/watch?v=NBS7OlWbgS4&list=PLnGTZv-nqOPqRXxnfi-wEdpLPyWXdxVwX',2418,3),(211,82,'Practice Reading Basic English','#1','https://www.youtube.com/watch?v=UnEmuH8palk',612,5),(212,82,'Practice Reading Basic English','#2','https://www.youtube.com/watch?v=fDD6M-s6DnA',715,6),(213,82,'Practice Reading Basic English','#3','https://www.youtube.com/watch?v=FNTSrYoUNNw',684,7),(214,83,'200 most common Phrasal Verbs used in communication','Speaking English','https://www.youtube.com/watch?v=VkHhn2WaxtA&list=PLnGTZv-nqOPoP4Ef6AleKkJtt-kC7a8oF',935,8),(215,83,'Vocabulary by topic “Conference & Computer”','Speaking English','https://www.youtube.com/watch?v=0TFfT9DE8sE&list=PLnGTZv-nqOPql9_5vW6fBpQ94yiBPPzwT',1670,9),(216,84,'SQL Full Course In 10 Hours','Try your best','https://www.youtube.com/watch?v=q_JsgpiuY98&list=PL9ooVrP1hQOG6DQnOD6ujdCEchaqADfCU',35963,1),(217,85,'Mailchimp Full Course','#1','https://www.youtube.com/watch?v=V-jbh_CfHLM&t=56s',7413,1),(218,86,'Giới thiệu khóa học PHP đầy đủ','#0','https://www.youtube.com/watch?v=JzFeAHU2Yvo&list=PLaevEBkXyvnXEMoe6ZHFJGjPDb_eCCVNc&index=1',462,1),(219,87,'Cài đặt Xampp','#1','https://www.youtube.com/watch?v=o_M4XsWzKRw&list=PLaevEBkXyvnXEMoe6ZHFJGjPDb_eCCVNc&index=2',594,2),(220,87,'Cú Pháp PHP','#2','https://www.youtube.com/watch?v=HqR5Oq-x2tQ&list=PLaevEBkXyvnXEMoe6ZHFJGjPDb_eCCVNc&index=3',818,3),(221,88,'Chèn HTML và PHP','#3','https://www.youtube.com/watch?v=P_37QuHanVU&list=PLaevEBkXyvnXEMoe6ZHFJGjPDb_eCCVNc&index=5',172,4),(222,88,'Biến trong PHP','#4','https://www.youtube.com/watch?v=l90_t3uPCJQ&list=PLaevEBkXyvnXEMoe6ZHFJGjPDb_eCCVNc&index=7',599,5),(223,88,'Hằng trong PHP','#5','https://www.youtube.com/watch?v=0vfxulYDR7E&list=PLaevEBkXyvnXEMoe6ZHFJGjPDb_eCCVNc&index=8',312,6),(224,89,'Câu lệnh Echo','#6','https://www.youtube.com/watch?v=M2hw9sEsfdQ&list=PLaevEBkXyvnXEMoe6ZHFJGjPDb_eCCVNc&index=10',330,7),(225,89,'Câu lệnh Print','#7','https://www.youtube.com/watch?v=T7BELHvF2sg&list=PLaevEBkXyvnXEMoe6ZHFJGjPDb_eCCVNc&index=11',200,8),(226,89,'Câu lệnh if else elseif','#8','https://www.youtube.com/watch?v=hDiipYBJFw0&list=PLaevEBkXyvnXEMoe6ZHFJGjPDb_eCCVNc&index=12',1005,9),(227,90,'Thực hành if else elseif','#9','https://www.youtube.com/watch?v=AA71ZKvLVXc&list=PLaevEBkXyvnXEMoe6ZHFJGjPDb_eCCVNc&index=13',512,10),(228,90,'Array cơ bản','#10','https://www.youtube.com/watch?v=E5oCCK3oKRY&list=PLaevEBkXyvnXEMoe6ZHFJGjPDb_eCCVNc&index=29',2055,11),(229,90,'Code Form HTML','#11','https://www.youtube.com/watch?v=AG7-_jGOYoA&list=PLaevEBkXyvnXEMoe6ZHFJGjPDb_eCCVNc&index=39',781,12),(230,90,'Upload file cơ bản','#12','https://www.youtube.com/watch?v=0z6Eaugl1r0&list=PLaevEBkXyvnXEMoe6ZHFJGjPDb_eCCVNc&index=53',933,13),(231,90,'Lập Trình OOP','#13','https://www.youtube.com/watch?v=ES76PQM5pY8&list=PLaevEBkXyvnXEMoe6ZHFJGjPDb_eCCVNc&index=116',1614,14),(232,91,'MySQL Full Course','SQL Training','https://www.youtube.com/watch?v=AA7i2GcTGwU',28956,1),(233,92,' cài đặt Unity | Unity 2D','...','https://www.youtube.com/watch?v=h8b6khgUB9Q&list=PLw2nfWzUTIAkZGD8r2jPjVw-sSCIIV1wa&index=2',997,1),(234,92,'Giới thiệu game My delivery car','...','https://www.youtube.com/watch?v=uAUL1FDs-kU&list=PLw2nfWzUTIAkZGD8r2jPjVw-sSCIIV1wa&index=4',227,2),(235,93,'Chuyển động trong game','...','https://www.youtube.com/watch?v=TV2ke2pY-J8&list=PLw2nfWzUTIAkZGD8r2jPjVw-sSCIIV1wa&index=5',638,3),(236,93,'Giới thiệu về Variables','...','https://www.youtube.com/watch?v=n-rWEZl_6_0&list=PLw2nfWzUTIAkZGD8r2jPjVw-sSCIIV1wa&index=6',303,4),(237,93,'Điều khiển bằng các thiết bị vật lý','...','https://www.youtube.com/watch?v=-QaCsp_mhlw&list=PLw2nfWzUTIAkZGD8r2jPjVw-sSCIIV1wa&index=8',609,5),(238,93,'Xử lý tăng tốc và giảm tốc','...','https://www.youtube.com/watch?v=6XerQGwYCW4&list=PLw2nfWzUTIAkZGD8r2jPjVw-sSCIIV1wa&index=20',589,6),(239,93,'Tổng kết','...','https://www.youtube.com/watch?v=6AASrgSfJjo&list=PLw2nfWzUTIAkZGD8r2jPjVw-sSCIIV1wa&index=21',291,7),(240,94,'Sprite Shapes trong Unity - skiing','...','https://www.youtube.com/watch?v=LxrlJ9XnTxI&list=PLw2nfWzUTIAkZGD8r2jPjVw-sSCIIV1wa&index=23',553,8),(241,94,'Tạo edge colliders','...','https://www.youtube.com/watch?v=kaMdXXtyOHU&list=PLw2nfWzUTIAkZGD8r2jPjVw-sSCIIV1wa&index=24',314,9),(242,94,'Xoay object với AddTorque','...','https://www.youtube.com/watch?v=PcaPQuJ4ybs&list=PLw2nfWzUTIAkZGD8r2jPjVw-sSCIIV1wa&index=28',786,10),(243,94,'Khái niệm Public trong lập trình','...','https://www.youtube.com/watch?v=nitoYtdtW5I&list=PLw2nfWzUTIAkZGD8r2jPjVw-sSCIIV1wa&index=38',525,11),(244,95,' Giới thiệu về game quiz','...','https://www.youtube.com/watch?v=M0ym57jxBWw&list=PLw2nfWzUTIAkZGD8r2jPjVw-sSCIIV1wa&index=41',183,12),(245,95,'Khởi tạo UI Canvas','...','https://www.youtube.com/watch?v=KbvzsXSFBSY&list=PLw2nfWzUTIAkZGD8r2jPjVw-sSCIIV1wa&index=42',585,13),(246,95,'Cách sử dụng Scriptable Objects','...','https://www.youtube.com/watch?v=HbQBodXjFx8&list=PLw2nfWzUTIAkZGD8r2jPjVw-sSCIIV1wa&index=45',750,14),(247,95,'Hiển thị Quiz với TextMeshProUGU','...','https://www.youtube.com/watch?v=_bZDqmINcPA&list=PLw2nfWzUTIAkZGD8r2jPjVw-sSCIIV1wa&index=48',622,15),(248,95,'Xử lý Sprites','...','https://www.youtube.com/watch?v=aYOeicq5sOI&list=PLw2nfWzUTIAkZGD8r2jPjVw-sSCIIV1wa&index=50',1092,16),(249,96,'Next.js là gì?',',..','https://www.youtube.com/watch?v=ucdjfU_XKpw&list=PLFfVmM19UNqn1ZIWvxn1artfz-C6dgAFb',1391,1),(250,96,'Setup môi trường để code Next.js','...','https://www.youtube.com/watch?v=BQ7O3YV5a3c&list=PLFfVmM19UNqn1ZIWvxn1artfz-C6dgAFb&index=3',567,2),(251,96,'Cấu trúc thư mục một dự án Next.js','...','https://www.youtube.com/watch?v=y5yUaJnGUlc&list=PLFfVmM19UNqn1ZIWvxn1artfz-C6dgAFb&index=5',544,3),(252,97,'CSS style trong Next.js','...','https://www.youtube.com/watch?v=sjm9W5MmGH4&list=PLFfVmM19UNqn1ZIWvxn1artfz-C6dgAFb&index=7',903,4),(253,97,'Sử dụng Fonts trong Next.js','Google Fonts, Local Fonts, Tailwind CSS','https://www.youtube.com/watch?v=F3iDXE8Y6Es&list=PLFfVmM19UNqn1ZIWvxn1artfz-C6dgAFb&index=8',1272,5),(254,97,'Sử dụng Image trong Next.js','next/image','https://www.youtube.com/watch?v=lZ_iGLU_BZo&list=PLFfVmM19UNqn1ZIWvxn1artfz-C6dgAFb&index=9',924,6),(255,97,'Routing trong Next.js','...','https://www.youtube.com/watch?v=Eaz4c1VN7Yg&list=PLFfVmM19UNqn1ZIWvxn1artfz-C6dgAFb&index=10',1171,7),(256,98,'Mọi thứ cần biết về Client Component Next.js  Được Dev 4,28 N người đăng ký  Đăng ký','...','https://www.youtube.com/watch?v=WQCnZsncIBg&list=PLFfVmM19UNqn1ZIWvxn1artfz-C6dgAFb&index=12',1201,8),(257,99,'Sự khác biệt giữa React truyền thống và Next.js','...','https://www.youtube.com/watch?v=DlEdEcIJtUQ&list=PLFfVmM19UNqn1ZIWvxn1artfz-C6dgAFb&index=13',840,9),(258,100,'Giới thiệu API dự án khóa học Next.js','...','https://www.youtube.com/watch?v=BbpaYjp3ZCE&list=PLFfVmM19UNqn1ZIWvxn1artfz-C6dgAFb&index=15',1695,10),(259,101,'Chuyển Dark Light Mode với Shadcn UI Next.js','...','https://www.youtube.com/watch?v=IrqplNnI5QI&list=PLFfVmM19UNqn1ZIWvxn1artfz-C6dgAFb&index=16',760,11),(260,101,'Code trang Register','...','https://www.youtube.com/watch?v=tHb6nd48xqA&list=PLFfVmM19UNqn1ZIWvxn1artfz-C6dgAFb&index=17',3103,12),(261,102,'Code trang Register với Next.js','...','https://www.youtube.com/watch?v=tHb6nd48xqA&list=PLFfVmM19UNqn1ZIWvxn1artfz-C6dgAFb&index=17',3103,13),(262,102,'Code trang Login với Next.js','...','https://www.youtube.com/watch?v=OBDKZXYpFoA&list=PLFfVmM19UNqn1ZIWvxn1artfz-C6dgAFb&index=18',1221,14),(263,103,'Giới thiệu Spring Boot','Tìm hiểu khái niệm cơ bản về Spring Boot, ưu điểm vượt trội so với các framework khác, và vai trò của nó trong phát triển ứng dụng web. Giới thiệu các công cụ cần thiết để bắt đầu khóa học.','https://www.youtube.com/watch?v=J0ebjbIVClM&list=PLsfLgp1K1xQ7hyDu6M01oBdxkWrswaCKn&index=2',160,1),(264,103,'HelloWorld với SpringBoot','Hướng dẫn từng bước tạo ứng dụng \"HelloWorld\" cơ bản bằng Spring Boot, từ việc cấu hình dự án đến triển khai ứng dụng trên trình duyệt.','https://www.youtube.com/watch?v=dKKy-ZX26oo&list=PLsfLgp1K1xQ7hyDu6M01oBdxkWrswaCKn&index=3',1353,2),(265,104,'Hiển thị static resource css, image ','Học cách quản lý và sử dụng các tài nguyên tĩnh như CSS, JavaScript, và hình ảnh trong Spring Boot. Bài học sẽ giải thích cách cấu trúc các thư mục tài nguyên và hiển thị chúng trên giao diện web.','https://www.youtube.com/watch?v=T_yFUQncFXg&list=PLsfLgp1K1xQ7hyDu6M01oBdxkWrswaCKn&index=5',618,3),(266,104,' Cấu hình application với kiểu Properties và YML','Tìm hiểu cách cấu hình ứng dụng bằng các file Properties và YAML, từ việc cấu hình cơ sở dữ liệu đến các thông số ứng dụng. Bài học cũng so sánh sự khác biệt giữa hai định dạng này.','https://www.youtube.com/watch?v=0HIECqddDY8&list=PLsfLgp1K1xQ7hyDu6M01oBdxkWrswaCKn&index=6',775,4),(267,105,'Spring boot với Thymeleaf cơ bản','Giới thiệu về Thymeleaf, một engine template mạnh mẽ trong Spring Boot. Học cách kết nối dữ liệu động từ backend và hiển thị trên giao diện người dùng thông qua Thymeleaf.','https://www.youtube.com/watch?v=bqF2OJ3zuck&list=PLsfLgp1K1xQ7hyDu6M01oBdxkWrswaCKn&index=11',815,5),(268,105,'Spring boot với Thymeleaf nâng cao','Tìm hiểu các tính năng nâng cao của Thymeleaf như sử dụng vòng lặp, điều kiện hiển thị dữ liệu, và làm việc với layout template để tối ưu hóa giao diện người dùng.','https://www.youtube.com/watch?v=oaMIcxVI3xM&list=PLsfLgp1K1xQ7hyDu6M01oBdxkWrswaCKn&index=12',826,6),(269,107,'Upload File (ảnh) với Spring Boot và Thymeleaf','Hướng dẫn cách xây dựng chức năng tải lên file, bao gồm xử lý file (ảnh) từ giao diện và lưu trữ vào máy chủ. Đồng thời, hiển thị file đã tải lên trực tiếp trên giao diện bằng Thymeleaf.','https://www.youtube.com/watch?v=fHNOdzllS4w&list=PLsfLgp1K1xQ7hyDu6M01oBdxkWrswaCKn&index=14',499,7),(270,106,'Spring Boot JDBCTemplate','Học cách kết nối ứng dụng Spring Boot với cơ sở dữ liệu bằng JDBC Template. Bài học bao gồm các thao tác như thêm, sửa, xóa và truy vấn dữ liệu.','https://www.youtube.com/watch?v=_dCNStCEmnA&list=PLsfLgp1K1xQ7hyDu6M01oBdxkWrswaCKn&index=16',781,8),(271,108,'Bắt lỗi Exception về trang thân thiện','Học cách xử lý và tùy chỉnh các lỗi hệ thống thông qua Spring Boot. Xây dựng các trang thông báo lỗi thân thiện với người dùng để nâng cao trải nghiệm khi xảy ra lỗi.','https://www.youtube.com/watch?v=v21V6UPFhpk&list=PLsfLgp1K1xQ7hyDu6M01oBdxkWrswaCKn&index=10',286,9),(272,109,'6 nguyên tắc thiết kế đồ hoạ áp dụng cho thiết kế sản phẩm kỹ thuật số','...','https://www.youtube.com/watch?v=bdB8fk3Boso&list=PLZ52njWO5oxJomw7l6eemrOHmmwNL_DXC&index=1',568,1),(273,109,'Chọn font, size chữ và tạo text styles bằng figma','...','https://www.youtube.com/watch?v=cFXLHMagvKo&list=PLZ52njWO5oxJomw7l6eemrOHmmwNL_DXC&index=2',1055,2),(274,110,'Sắp xếp bố cục nội dung để thiết kế trifold brochure nhanh chóng, hiệu quả','...','https://www.youtube.com/watch?v=VJs8vYn2s4A&list=PLZ52njWO5oxJomw7l6eemrOHmmwNL_DXC&index=4',897,3),(275,110,'10 magazine layout solutions with inDesign','10 cách tư duy layout trang đôi tạp chí','https://www.youtube.com/watch?v=h7XVDbkbXtg&list=PLZ52njWO5oxJomw7l6eemrOHmmwNL_DXC&index=5',1343,4),(276,111,'Understanding Colors','Tìm hiểu về màu sắc','https://www.youtube.com/watch?v=NJRpbJKWqcw&list=PLZ52njWO5oxJomw7l6eemrOHmmwNL_DXC&index=6',471,5),(277,111,'Basic Terminology of Colors','Một số thuật ngữ chuyên ngành về màu sắc','https://www.youtube.com/watch?v=CYJas8rXnbI&list=PLZ52njWO5oxJomw7l6eemrOHmmwNL_DXC&index=7',201,6),(278,111,'Color harmony','Các hoà sắc cơ bản','https://www.youtube.com/watch?v=q6heV5_rE-0&list=PLZ52njWO5oxJomw7l6eemrOHmmwNL_DXC&index=8',315,7),(279,111,'How to create a color palette','Cách tạo 1 palette màu','https://www.youtube.com/watch?v=yAOOIQdXy64&list=PLZ52njWO5oxJomw7l6eemrOHmmwNL_DXC&index=9',1452,8),(280,112,'Hướng dẫn cách sử dụng lưới trong thiết kế đồ hoạ','...','https://www.youtube.com/watch?v=qOocWbusOhU&list=PLZ52njWO5oxJomw7l6eemrOHmmwNL_DXC&index=10',581,9),(281,113,'Nghệ thuật chữ trong đồ hoạ dàn trang','...','https://www.youtube.com/watch?v=2SaB2X9K8_k&list=PLZ52njWO5oxJomw7l6eemrOHmmwNL_DXC&index=11',708,10),(282,113,'Nguyên tắc Gestalt sử dụng trong thiết kế đồ hoạ','...','https://www.youtube.com/watch?v=Jsh5zR9A8bo&list=PLZ52njWO5oxJomw7l6eemrOHmmwNL_DXC&index=12',393,11),(283,113,'0 lưu ý về typography khi thiết kế U','...','https://www.youtube.com/watch?v=nA-WH1cnHlw&list=PLZ52njWO5oxJomw7l6eemrOHmmwNL_DXC&index=13',496,12),(284,114,'Tổng quan, ưu điểm và nhược điểm','...','https://www.youtube.com/watch?v=WQ9j2sPRstk&list=PL33lvabfss1zRgaWBcC__Bnt5AOSRfU71',690,1),(285,115,'Class','...','https://www.youtube.com/watch?v=pXcMdI3LVEE&list=PL33lvabfss1zRgaWBcC__Bnt5AOSRfU71&index=2',1032,2),(286,115,'Các loại phạm vi truy cập','#1','https://www.youtube.com/watch?v=X9srqYW3jIM&list=PL33lvabfss1zRgaWBcC__Bnt5AOSRfU71&index=3',803,3),(287,115,'Từ khóa Static','#2','https://www.youtube.com/watch?v=9p6oW56Zo3c&list=PL33lvabfss1zRgaWBcC__Bnt5AOSRfU71&index=4',998,4),(288,115,'Kế thừa ','#3','https://www.youtube.com/watch?v=tgxT3xRdfvU&list=PL33lvabfss1zRgaWBcC__Bnt5AOSRfU71&index=5',874,5),(289,115,'Đa hình','#4','https://www.youtube.com/watch?v=SfFAk5LEW0I&list=PL33lvabfss1zRgaWBcC__Bnt5AOSRfU71&index=6',537,6),(290,115,'Interface','#5','https://www.youtube.com/watch?v=nKNE6EFCasw&list=PL33lvabfss1zRgaWBcC__Bnt5AOSRfU71&index=7',995,7),(291,116,'Tổng quan, hướng dẫn các lệnh trong 2D Sketch','Buổi 1','https://www.youtube.com/watch?v=N1l-a-Rg8-Y&list=PL6W4MPtvsp5hQAjbFa5Udzw8zdKMLyK1n&index=1',6108,1),(292,117,'Hướng dẫn các lệnh 2D Sketch','Buổi 2','https://www.youtube.com/watch?v=soAFOlHo4rM&list=PL6W4MPtvsp5hQAjbFa5Udzw8zdKMLyK1n&index=2',6152,2),(293,118,'Hướng dẫn lệnh Extruded Boss/Base và Cut','Buổi 4','https://www.youtube.com/watch?v=lqjj05Gnu7I&list=PL6W4MPtvsp5hQAjbFa5Udzw8zdKMLyK1n&index=4',6997,4),(294,119,'Hướng dẫn tạo mặt phẳng Plane','Buổi 5','https://www.youtube.com/watch?v=G0XtHS7XAyU&list=PL6W4MPtvsp5hQAjbFa5Udzw8zdKMLyK1n&index=5',6866,5),(295,120,'Hướng dẫn lệnh Revolve, Sweep, lò xo Helix','Buổi 6','https://www.youtube.com/watch?v=4cX7SOKjIpw&list=PL6W4MPtvsp5hQAjbFa5Udzw8zdKMLyK1n&index=6',7646,6),(296,117,'Sửa bài tập 2D Sketch','Buổi 3','https://www.youtube.com/watch?v=2F24gTkpthY&list=PL6W4MPtvsp5hQAjbFa5Udzw8zdKMLyK1n&index=3',6674,3),(297,125,'Định nghĩa chi tiết từ A-Z','...','https://www.youtube.com/watch?v=vzhybuRpPts&list=PLQFT56xC-NrZGY-FKW4rbLxk3JvpGm6-8&index=1',387,1),(298,125,'Định hướng nghề content ','Phân biệt Contentwriter, Copywriter, Contentcreator','https://www.youtube.com/watch?v=0MOutThB_QY&list=PLQFT56xC-NrZGY-FKW4rbLxk3JvpGm6-8&index=2',377,2),(299,125,'Cơ hội nghề nghiệp Content và Cách chọn nghề thông minh','...','https://www.youtube.com/watch?v=KKbwXm-PMvo&list=PLQFT56xC-NrZGY-FKW4rbLxk3JvpGm6-8&index=3',398,3),(300,126,'15 dạng content marketing phổ biến','...','https://www.youtube.com/watch?v=9MPnqOlGMM0&list=PLQFT56xC-NrZGY-FKW4rbLxk3JvpGm6-8&index=5',601,4),(301,127,'6 hành trình nhu cầu của khách hàng','...','https://www.youtube.com/watch?v=QNW6lXI6sL4&list=PLQFT56xC-NrZGY-FKW4rbLxk3JvpGm6-8&index=6',753,5),(302,127,'Insight là gì? Tuyệt chiêu thấu hiểu khách hàng','...','https://www.youtube.com/watch?v=tUUBEPx9K5g&list=PLQFT56xC-NrZGY-FKW4rbLxk3JvpGm6-8&index=7',481,6),(303,127,'Cách tìm Insight khách hàng - Công cụ tìm kiếm Insight','...','https://www.youtube.com/watch?v=N0FvNb3ydGY&list=PLQFT56xC-NrZGY-FKW4rbLxk3JvpGm6-8&index=8',657,7),(304,128,'Kích thích khả năng sáng tạo nội dung','...','https://www.youtube.com/watch?v=Wfjg4y1fziU&list=PLQFT56xC-NrZGY-FKW4rbLxk3JvpGm6-8&index=9',511,8),(305,128,'Công thức kích thích khát vọng','...','https://www.youtube.com/watch?v=712jR5oC8yg&list=PLQFT56xC-NrZGY-FKW4rbLxk3JvpGm6-8&index=12',441,9),(306,128,'Công thức hình tượng hóa sản phẩm - dịch vụ','...','https://www.youtube.com/watch?v=QfFNp10e82E&list=PLQFT56xC-NrZGY-FKW4rbLxk3JvpGm6-8&index=14',315,10),(307,129,' Tư duy sử dụng hình ảnh trong thiết kế ảnh quảng cáo','...','https://www.youtube.com/watch?v=hsDJEZUbS7g&list=PLQFT56xC-NrZGY-FKW4rbLxk3JvpGm6-8&index=20',711,11),(308,129,'Tư duy triển khai content website','...','https://www.youtube.com/watch?v=zHGdGCsa9bI&list=PLQFT56xC-NrZGY-FKW4rbLxk3JvpGm6-8&index=21',451,12),(309,129,'Công thức viết bài PR thương hiệu đúng chuẩn và hiệu quả cho doanh nghiệp','...','https://www.youtube.com/watch?v=e8LeSJRI0NY&list=PLQFT56xC-NrZGY-FKW4rbLxk3JvpGm6-8&index=23',557,13),(310,130,' Giới thiều về lập trình','Bài 1','https://www.youtube.com/watch?v=WUNWhIjUF2Y&list=PLq3KxntIWWrJkDaPEVmoaYW3PcZpkCzV2&index=2',766,1),(311,130,'Giới thiều về C/C++','Bài 2','https://www.youtube.com/watch?v=WUNWhIjUF2Y&list=PLq3KxntIWWrJkDaPEVmoaYW3PcZpkCzV2&index=2',766,2),(312,131,'Tìm hiểu về biểu thức và ép kiểu trong C/C++','Bài 3','https://www.youtube.com/watch?v=1lwYy_88cyg&list=PLq3KxntIWWrJkDaPEVmoaYW3PcZpkCzV2&index=3',572,3),(313,131,'Tìm hiểu về các kiểu dữ liệu trong C/C++','Bài 4','https://www.youtube.com/watch?v=K-Emqg7hhkQ&list=PLq3KxntIWWrJkDaPEVmoaYW3PcZpkCzV2&index=4',503,4),(314,131,'Tìm hiểu về biến, phạm vi và từ khoá const trong C/C++','Bài 5','https://www.youtube.com/watch?v=KrUAvv8l5mA&list=PLq3KxntIWWrJkDaPEVmoaYW3PcZpkCzV2&index=5',528,5),(315,131,'Tìm hiểu về các hằng số, chuỗi... trong C/C++','Bài 6','https://www.youtube.com/watch?v=TPV8DOj6QHQ&list=PLq3KxntIWWrJkDaPEVmoaYW3PcZpkCzV2&index=6',534,6),(316,131,'Tìm hiểu về các toán tử trong C/C++','Bài 7','https://www.youtube.com/watch?v=IE2hSMCoz4I&list=PLq3KxntIWWrJkDaPEVmoaYW3PcZpkCzV2&index=7',834,7),(317,131,'Tìm hiểu về vòng lặp for, while, do while trong lập trình C/C++','Bài 8','https://www.youtube.com/watch?v=aHXhCmZ6gNY&list=PLq3KxntIWWrJkDaPEVmoaYW3PcZpkCzV2&index=13',814,8),(318,131,'Tìm hiểu về đệ quy và cách phân loại chúng trong lập trình C/C++','Bài 9','https://www.youtube.com/watch?v=m02wS9WyG_g',683,9),(319,131,'Tìm hiểu về kiểu dữ liệu có cấu trúc struct trong C/C++','Bài 10','https://www.youtube.com/watch?v=vV2AI83lzPw&list=PLq3KxntIWWrJkDaPEVmoaYW3PcZpkCzV2&index=26',684,10),(320,132,'Tìm hiểu về các hàm xử lý, thao tác với file, tập tin trong C+','Bài 11','https://www.youtube.com/watch?v=heVor_D1SoM&list=PLq3KxntIWWrJkDaPEVmoaYW3PcZpkCzV2&index=31',1145,11),(321,132,'Tìm hiểu cách tối ưu giải thuật, code, mã nguồn trong C/C++','Bài 12','https://www.youtube.com/watch?v=Llme6vIeUzc&list=PLq3KxntIWWrJkDaPEVmoaYW3PcZpkCzV2&index=32',523,12),(322,132,'Tìm hiểu cách code làm cho chương trình chạy nhanh và code gọn đẹp','Bài 13','https://www.youtube.com/watch?v=lQbc9sQXEoA&list=PLq3KxntIWWrJkDaPEVmoaYW3PcZpkCzV2&index=33',527,13),(323,31,'Tạo dự án với React và Webpack | React JS','Trong video này chúng ta sẽ cùng nhau đi vào tạo dự án với React và Webpack | React JS\n\nBài kế tiếp chúng ta sẽ học cách sử dụng công cụ \"create-react-app\" để tạo dự án làm việc với ReactJS. Tuy nhiên khi dùng \"create-react-app\" chúng ta chỉ cần chạy 1 command-line là xong, đôi khi điều này quá dễ dàng làm chúng ta không hiểu dự án đó được xây dựng như thế nào. Video này mình sẽ hướng dẫn cách bạn cách sử dụng Webpack để tạo một dự án làm việc với ReactJS. Video này rất phù hợp với các bạn muốn đào sâu hiểu bản chất của những thứ mình làm ???\n\nLink blog hướng dẫn: https://fullstack.edu.vn/blog/phan-1-tao-du-an-reactjs-voi-webpack-va-babel.html\n\n#hoclaptrinh  #hoclaptrinhmienphi  #javascript #reactjs  #frontend  #backend  #devops  #f8 #react\n-------\n☻ Phần mềm sử dụng trong video:\nCông cụ dịch Tiếng Anh: http://bit.ly/2Wsuhet\nCông cụ đo đạc giao diện web: https://s.net.vn/D8kL\nCông cụ viết CV xin việc chuyên nghiệp: https://mycv.vn\n--------------\n☻ Khóa học lập trình web MIỄN PHÍ:\nKiến thức nhập môn: https://fullstack.edu.vn/courses/lessons-for-newbie\nXây dựng giao diện với HTML, CSS: https://fullstack.edu.vn/courses/html-css\nXây dựng web responsive: https://fullstack.edu.vn/courses/responsive-web-design\nLập trình Javascript cơ bản: https://fullstack.edu.vn/courses/javascript-co-ban\nLập trình Javascript nâng cao: https://fullstack.edu.vn/courses/javascript-nang-cao\nLàm việc với Terminal & Ubuntu: https://fullstack.edu.vn/courses/windows-terminal-wsl\nXây Dựng Website với ReactJS: https://fullstack.edu.vn/courses/reactjs\nXây dựng web với Node & Express: https://fullstack.edu.vn/courses/nodejs\nHTML, CSS tips: https://fullstack.edu.vn/courses/html-css-tutorials\nỨng dụng cảnh báo khi sờ lên mặt: https://fullstack.edu.vn/courses/tool-canh-bao-so-len-mat\nXem thêm tại: https://fullstack.edu.vn/courses\n-------------------------------------\n\nF8 Official\n(c) Sơn Đặng\nWebsite: https://fullstack.edu.vn\nFacebook cá nhân: https://facebook.com/sondnf8\nNhóm Học Lập Trình Web: https://www.facebook.com/groups/f8official\nEmail: contact@fullstack.edu.vn\n\n© Bản quyền thuộc về Channel F8 Official ☞ Do not Reup\n© Nghiêm cấm sử dụng video nhằm mục đích thương mại dưới mọi hình thức.','https://www.youtube.com/watch?v=1EBe-l1E3pM',1875,11),(324,32,'JSX là gì? Tại sao cần JSX? | JSX ReactJS','Qua những bài học trước anh em đã biết cách tạo ra React element với React.createElement() rồi đúng không? Nếu dùng cách này để code giao diện chắc chắn sẽ rất khó, chính vì vậy JSX ra đời giúp developer như chúng ta có cú pháp \"ngọt ngào\" hơn.\n\nTiếp theo ta cần thư viện Babel, JSX cần được phân tích cú pháp và chuyển đổi về code Javascript.\n\nCác bạn có thể thử Live demo ở đây nhé: https://bit.ly/2VOIMN7\n\nPhân đoạn trong video: JSX là gì? Tại sao cần JSX?\n00:00 - Chữa bài tập\n02:12 - JSX là gì?\n\n#hoclaptrinh  #hoclaptrinhmienphi  #javascript #reactjs  #frontend  #backend  #devops  #f8\n-------\n☻ Phần mềm sử dụng trong video:\nCông cụ dịch Tiếng Anh: http://bit.ly/2Wsuhet\nCông cụ đo đạc giao diện web: https://s.net.vn/D8kL\nCông cụ viết CV xin việc chuyên nghiệp: https://mycv.vn\n--------------\n☻ Khóa học lập trình web MIỄN PHÍ:\nKiến thức nhập môn: https://fullstack.edu.vn/courses/lessons-for-newbie\nXây dựng giao diện với HTML, CSS: https://fullstack.edu.vn/courses/html-css\nXây dựng web responsive: https://fullstack.edu.vn/courses/responsive-web-design\nLập trình Javascript cơ bản: https://fullstack.edu.vn/courses/javascript-co-ban\nLập trình Javascript nâng cao: https://fullstack.edu.vn/courses/javascript-nang-cao\nLàm việc với Terminal & Ubuntu: https://fullstack.edu.vn/courses/windows-terminal-wsl\nXây Dựng Website với ReactJS: https://fullstack.edu.vn/courses/reactjs\nXây dựng web với Node & Express: https://fullstack.edu.vn/courses/nodejs\nHTML, CSS tips: https://fullstack.edu.vn/courses/html-css-tutorials\nỨng dụng cảnh báo khi sờ lên mặt: https://fullstack.edu.vn/courses/tool-canh-bao-so-len-mat\nXem thêm tại: https://fullstack.edu.vn/courses\n-------------------------------------\n\nF8 Official\n(c) Sơn Đặng\nWebsite: https://fullstack.edu.vn\nFacebook cá nhân: https://facebook.com/sondnf8\nNhóm Học Lập Trình Web: https://www.facebook.com/groups/f8official\nEmail: contact@fullstack.edu.vn\n\n© Bản quyền thuộc về Channel F8 Official ☞ Do not Reup\n© Nghiêm cấm sử dụng video nhằm mục đích thương mại dưới mọi hình thức.','https://www.youtube.com/watch?v=samx2yC15Pg',959,12),(325,32,'Tạo Components | Làm việc với JSX - Phần 2','Tạo Components | Làm việc với JSX - Phần 2\nTrong bài học này chúng ta sẽ học về quy ước đặt tên React Component và cách sử dụng toán tử logical trong JSX nhé ??\n\nPhân đoạn trong bài học:\n00:00 - Chữa bài tập\n06:00 - Quy ước đặt tên component\n19:20 - Booleans, undefined, null sẽ không được render\n\n#hoclaptrinh  #hoclaptrinhmienphi  #javascript #reactjs  #frontend  #backend  #devops  #f8\n-------\n☻ Phần mềm sử dụng trong video:\nCông cụ dịch Tiếng Anh: http://bit.ly/2Wsuhet\nCông cụ đo đạc giao diện web: https://s.net.vn/D8kL\nCông cụ viết CV xin việc chuyên nghiệp: https://mycv.vn\n--------------\n☻ Khóa học lập trình web MIỄN PHÍ:\nKiến thức nhập môn: https://fullstack.edu.vn/courses/lessons-for-newbie\nXây dựng giao diện với HTML, CSS: https://fullstack.edu.vn/courses/html-css\nXây dựng web responsive: https://fullstack.edu.vn/courses/responsive-web-design\nLập trình Javascript cơ bản: https://fullstack.edu.vn/courses/javascript-co-ban\nLập trình Javascript nâng cao: https://fullstack.edu.vn/courses/javascript-nang-cao\nLàm việc với Terminal & Ubuntu: https://fullstack.edu.vn/courses/windows-terminal-wsl\nXây Dựng Website với ReactJS: https://fullstack.edu.vn/courses/reactjs\nXây dựng web với Node & Express: https://fullstack.edu.vn/courses/nodejs\nHTML, CSS tips: https://fullstack.edu.vn/courses/html-css-tutorials\nỨng dụng cảnh báo khi sờ lên mặt: https://fullstack.edu.vn/courses/tool-canh-bao-so-len-mat\nXem thêm tại: https://fullstack.edu.vn/courses\n-------------------------------------\n\nF8 Official\n(c) Sơn Đặng\nWebsite: https://fullstack.edu.vn\nFacebook cá nhân: https://facebook.com/sondnf8\nNhóm Học Lập Trình Web: https://www.facebook.com/groups/f8official\nEmail: contact@fullstack.edu.vn\n\n© Bản quyền thuộc về Channel F8 Official ☞ Do not Reup\n© Nghiêm cấm sử dụng video nhằm mục đích thương mại dưới mọi hình thức.','https://www.youtube.com/watch?v=5SU6P-cqoJw',1567,13),(326,33,'Tạo dự án với React và Webpack | React JS','Bài kế tiếp chúng ta sẽ học cách sử dụng công cụ \"create-react-app\" để tạo dự án làm việc với ReactJS. Tuy nhiên khi dùng \"create-react-app\" chúng ta chỉ cần chạy 1 command-line là xong, đôi khi điều này quá dễ dàng làm chúng ta không hiểu dự án đó được xây dựng như thế nào. Video này mình sẽ hướng dẫn cách bạn cách sử dụng Webpack để tạo một dự án làm việc với ReactJS. Video này rất phù hợp với các bạn muốn đào sâu hiểu bản chất của những thứ mình làm ???\n\nLink blog hướng dẫn: https://fullstack.edu.vn/blog/phan-1-tao-du-an-reactjs-voi-webpack-va-babel.html\n\n#hoclaptrinh  #hoclaptrinhmienphi  #javascript #reactjs  #frontend  #backend  #devops  #f8 #react\n-------\n☻ Phần mềm sử dụng trong video:\nCông cụ dịch Tiếng Anh: http://bit.ly/2Wsuhet\nCông cụ đo đạc giao diện web: https://s.net.vn/D8kL\nCông cụ viết CV xin việc chuyên nghiệp: https://mycv.vn\n--------------\n☻ Khóa học lập trình web MIỄN PHÍ:\nKiến thức nhập môn: https://fullstack.edu.vn/courses/lessons-for-newbie\nXây dựng giao diện với HTML, CSS: https://fullstack.edu.vn/courses/html-css\nXây dựng web responsive: https://fullstack.edu.vn/courses/responsive-web-design\nLập trình Javascript cơ bản: https://fullstack.edu.vn/courses/javascript-co-ban\nLập trình Javascript nâng cao: https://fullstack.edu.vn/courses/javascript-nang-cao\nLàm việc với Terminal & Ubuntu: https://fullstack.edu.vn/courses/windows-terminal-wsl\nXây Dựng Website với ReactJS: https://fullstack.edu.vn/courses/reactjs\nXây dựng web với Node & Express: https://fullstack.edu.vn/courses/nodejs\nHTML, CSS tips: https://fullstack.edu.vn/courses/html-css-tutorials\nỨng dụng cảnh báo khi sờ lên mặt: https://fullstack.edu.vn/courses/tool-canh-bao-so-len-mat\nXem thêm tại: https://fullstack.edu.vn/courses\n-------------------------------------\n\nF8 Official\n(c) Sơn Đặng\nWebsite: https://fullstack.edu.vn\nFacebook cá nhân: https://facebook.com/sondnf8\nNhóm Học Lập Trình Web: https://www.facebook.com/groups/f8official\nEmail: contact@fullstack.edu.vn\n\n© Bản quyền thuộc về Channel F8 Official ☞ Do not Reup\n© Nghiêm cấm sử dụng video nhằm mục đích thương mại dưới mọi hình thức.','https://www.youtube.com/watch?v=1EBe-l1E3pM',1875,14),(327,133,'Selenium WebDriver','.','https://www.youtube.com/watch?v=D_mCjqUIwLY&list=PLWAmkUsnTP9ft9iXCzZnhAnTdhLD1FVfL',499,1),(328,134,'Tìm hiểu về TestNG','.','https://www.youtube.com/watch?v=vgO9EUfhTN4&list=PLWAmkUsnTP9ft9iXCzZnhAnTdhLD1FVfL&index=2',958,2),(329,134,'Tìm hiểu cấu trúc của 1 trang web','.','https://www.youtube.com/watch?v=pKCfSg8G0UY&list=PLWAmkUsnTP9ft9iXCzZnhAnTdhLD1FVfL&index=3',556,3),(330,134,'Selenium - Lý thuyết ','.','https://www.youtube.com/watch?v=zvxfVqek7e4&list=PLWAmkUsnTP9ft9iXCzZnhAnTdhLD1FVfL&index=4',361,4),(331,135,'Bài tập thực hành','.','https://www.youtube.com/watch?v=IqqcIBPjFGU&list=PLWAmkUsnTP9ft9iXCzZnhAnTdhLD1FVfL&index=5',956,5),(332,136,'Tìm hiểu về WebElement ','.','https://www.youtube.com/watch?v=wfPHNiXLaOA&list=PLWAmkUsnTP9ft9iXCzZnhAnTdhLD1FVfL&index=6',1178,6),(333,136,'Thao tác với WebElement','Phần 1','https://www.youtube.com/watch?v=fCoeAu4ucxI&list=PLWAmkUsnTP9ft9iXCzZnhAnTdhLD1FVfL&index=7',851,7),(334,136,'Thao tác với WebElement','Phần 2','https://www.youtube.com/watch?v=7dVOjwduWjk&list=PLWAmkUsnTP9ft9iXCzZnhAnTdhLD1FVfL&index=8',753,8),(335,136,'Thao tác với WebElement','Phần 3','https://www.youtube.com/watch?v=H-L3uhTLMP8&list=PLWAmkUsnTP9ft9iXCzZnhAnTdhLD1FVfL&index=9',1170,9),(338,1,'Module trong JavaScript ES6','Video này chúng ta sẽ tìm hiểu về khái niệm và ứng dụng của Module trong JavaScript ES6\n\n1. Giới thiệu (https://youtu.be/MFDXxCNqjKQ)\n2. Let & Const (https://youtu.be/tCPTBPua1Xo)\n3. Template literals (https://youtu.be/7Ls-fa8iVXA)\n4. Arrow function (https://youtu.be/9QeNLypIiZs)\n5. Classes (https://youtu.be/jSvViDjWXaE)\n6. Default parameter values (https://youtu.be/451KRGBBRJY)\n7. Enhanced object literals (https://youtu.be/WB6FQdp41hs)\n8. Spread (https://youtu.be/MJZICS7nQk8)\n9. Destructuring & Rest (https://youtu.be/J1m4vLDUhEI)\n10. Tagged template literals (https://youtu.be/XV0d0A37sd8)\n11. Modules (https://youtu.be/08lWi4T2Bfg)\n12. Optional chaining (https://youtu.be/kxX7kKjXXKs)\n\n#hoclaptrinh  #hoclaptrinhmienphi  #javascript  #frontend  #backend  #devops  #f8\n-------\n☻ Phần mềm sử dụng trong video:\nCông cụ dịch Tiếng Anh: http://bit.ly/2Wsuhet\nCông cụ đo đạc giao diện web: https://s.net.vn/D8kL\nCông cụ viết CV xin việc chuyên nghiệp: https://mycv.vn\n--------------\n☻ Khóa học lập trình web MIỄN PHÍ:\nKiến thức nhập môn: https://fullstack.edu.vn/courses/lessons-for-newbie\nXây dựng giao diện với HTML, CSS: https://fullstack.edu.vn/courses/html-css\nXây dựng web responsive: https://fullstack.edu.vn/courses/responsive-web-design\nLập trình Javascript cơ bản: https://fullstack.edu.vn/courses/javascript-co-ban\nLập trình Javascript nâng cao: https://fullstack.edu.vn/courses/javascript-nang-cao\nLàm việc với Terminal & Ubuntu: https://fullstack.edu.vn/courses/windows-terminal-wsl\nXây Dựng Website với ReactJS: https://fullstack.edu.vn/courses/reactjs\nXây dựng web với Node & Express: https://fullstack.edu.vn/courses/nodejs\nHTML, CSS tips: https://fullstack.edu.vn/courses/html-css-tutorials\nỨng dụng cảnh báo khi sờ lên mặt: https://fullstack.edu.vn/courses/tool-canh-bao-so-len-mat\nXem thêm tại: https://fullstack.edu.vn/courses\n-------------------------------------\n\nF8 Official\n(c) Sơn Đặng\nWebsite: https://fullstack.edu.vn\nFacebook cá nhân: https://facebook.com/sondnf8\nNhóm Học Lập Trình Web: https://www.facebook.com/groups/f8official\nEmail: contact@fullstack.edu.vn\n\n© Bản quyền thuộc về Channel F8 Official ☞ Do not Reup\n© Nghiêm cấm sử dụng video nhằm mục đích thương mại dưới mọi hình thức.','https://www.youtube.com/watch?v=08lWi4T2Bfg&list=PL_-VfJajZj0UXjlKfBwFX73usByw3Ph9Q&index=4',890,4);
/*!40000 ALTER TABLE `lectures` ENABLE KEYS */;
UNLOCK TABLES;

--
-- Table structure for table `paymentmethods`
--

DROP TABLE IF EXISTS `paymentmethods`;
/*!40101 SET @saved_cs_client     = @@character_set_client */;
/*!50503 SET character_set_client = utf8mb4 */;
CREATE TABLE `paymentmethods` (
  `id` int NOT NULL AUTO_INCREMENT,
  `name` varchar(45) DEFAULT NULL,
  `img` text,
  PRIMARY KEY (`id`)
) ENGINE=InnoDB AUTO_INCREMENT=8 DEFAULT CHARSET=utf8mb4 COLLATE=utf8mb4_0900_ai_ci;
/*!40101 SET character_set_client = @saved_cs_client */;

--
-- Dumping data for table `paymentmethods`
--

LOCK TABLES `paymentmethods` WRITE;
/*!40000 ALTER TABLE `paymentmethods` DISABLE KEYS */;
INSERT INTO `paymentmethods` VALUES (1,'Paypal','https://res.cloudinary.com/dj8ae1gpq/image/upload/v1731463461/paypal_iyt9wx.png'),(2,'Credit Card','http://res.cloudinary.com/dj8ae1gpq/image/upload/v1732543352/vsjomsrmqvp0sn4rr6ca.png'),(3,'Bank Transfer','http://res.cloudinary.com/dj8ae1gpq/image/upload/v1731492192/ectnnujsmf66nwtperhe.png');
/*!40000 ALTER TABLE `paymentmethods` ENABLE KEYS */;
UNLOCK TABLES;

--
-- Table structure for table `payments`
--

DROP TABLE IF EXISTS `payments`;
/*!40101 SET @saved_cs_client     = @@character_set_client */;
/*!50503 SET character_set_client = utf8mb4 */;
CREATE TABLE `payments` (
  `id` int NOT NULL AUTO_INCREMENT,
  `user_id` int DEFAULT NULL,
  `course_id` int DEFAULT NULL,
  `payment_method_id` int DEFAULT NULL,
  `amount` int DEFAULT NULL,
  `status` enum('pending','completed','failed') DEFAULT 'pending',
  `created_at` timestamp NULL DEFAULT CURRENT_TIMESTAMP,
  PRIMARY KEY (`id`),
  KEY `user_id` (`user_id`),
  KEY `payments_ibfk_2` (`course_id`),
  KEY `payments_ibfk_3_idx` (`payment_method_id`),
  CONSTRAINT `payments_ibfk_1` FOREIGN KEY (`user_id`) REFERENCES `users` (`id`),
  CONSTRAINT `payments_ibfk_2` FOREIGN KEY (`course_id`) REFERENCES `courses` (`id`) ON DELETE CASCADE,
  CONSTRAINT `payments_ibfk_3` FOREIGN KEY (`payment_method_id`) REFERENCES `paymentmethods` (`id`)
) ENGINE=InnoDB AUTO_INCREMENT=183 DEFAULT CHARSET=utf8mb4 COLLATE=utf8mb4_0900_ai_ci;
/*!40101 SET character_set_client = @saved_cs_client */;

--
-- Dumping data for table `payments`
--

LOCK TABLES `payments` WRITE;
/*!40000 ALTER TABLE `payments` DISABLE KEYS */;
INSERT INTO `payments` VALUES (20,1,1,2,90000,'completed','2024-10-13 03:23:29'),(21,1,2,2,50000,'completed','2024-10-13 03:23:29'),(22,1,3,2,5000,'completed','2024-10-13 04:38:43'),(25,3,1,2,990000,'completed','2024-10-17 13:49:38'),(26,4,1,2,990000,'completed','2024-10-18 23:23:58'),(27,1,14,2,450000,'completed','2024-10-19 11:42:29'),(29,19,46,2,160000,'completed','2024-10-22 06:40:43'),(30,5,3,2,550000,'completed','2024-10-23 10:04:50'),(31,21,2,2,350000,'completed','2024-10-27 09:29:13'),(32,21,14,2,450000,'completed','2024-10-27 10:21:35'),(33,21,51,2,999000,'completed','2024-10-27 18:09:27'),(34,22,51,2,999000,'completed','2024-10-27 19:32:36'),(35,22,15,1,200000,'completed','2024-10-27 19:33:16'),(37,22,59,2,100000,'completed','2024-10-28 18:43:32'),(38,22,55,2,290000,'completed','2024-10-28 18:43:47'),(39,22,53,2,300000,'completed','2024-10-28 18:44:11'),(41,23,51,2,999000,'completed','2024-10-28 18:45:50'),(42,23,52,2,500000,'completed','2024-10-28 18:46:24'),(43,23,61,2,100000,'completed','2024-10-28 18:47:24'),(46,23,47,2,500000,'completed','2024-10-28 18:49:09'),(47,23,56,2,500000,'completed','2024-10-28 18:49:54'),(49,1,58,2,50000,'completed','2024-10-28 19:00:41'),(50,21,46,2,200000,'completed','2024-10-28 19:18:03'),(54,25,1,2,990000,'completed','2024-11-12 13:26:20'),(57,1,51,3,999000,'completed','2024-11-13 08:43:48'),(58,1,52,3,500000,'completed','2024-11-13 08:43:48'),(59,1,47,2,500000,'completed','2024-11-13 08:50:37'),(62,1,55,2,290000,'completed','2024-11-19 12:25:03'),(63,3,55,1,290000,'completed','2024-11-19 12:25:41'),(159,25,1,1,990000,'completed','2024-11-23 03:04:04'),(160,25,2,1,350000,'completed','2024-11-23 03:41:03'),(161,25,14,1,450000,'completed','2024-11-23 06:25:46'),(162,25,3,1,550000,'completed','2024-11-23 12:55:57'),(163,25,51,1,999000,'completed','2024-11-23 13:56:37'),(164,25,53,1,300000,'completed','2024-11-24 00:53:37'),(165,25,55,1,290000,'completed','2024-11-24 06:16:58'),(166,26,1,1,891000,'completed','2024-11-25 02:21:58'),(167,27,1,1,990000,'completed','2024-11-25 14:25:33'),(168,27,1,1,990000,'completed','2024-11-25 14:25:55'),(169,27,1,1,990000,'completed','2024-11-25 14:26:28'),(170,3,14,1,450000,'completed','2024-11-25 14:27:35'),(171,22,14,1,450000,'completed','2024-11-25 14:29:34'),(172,3,14,1,450000,'completed','2024-11-25 14:31:23'),(173,3,14,1,450000,'completed','2024-11-25 14:32:14'),(174,31,2,1,350000,'completed','2024-11-26 15:11:02'),(175,31,2,1,350000,'completed','2024-11-26 15:12:58'),(176,27,3,1,550000,'completed','2024-11-28 07:46:04'),(177,34,1,1,891000,'completed','2024-12-16 07:39:39'),(178,34,2,1,350000,'completed','2024-12-20 01:37:28'),(179,27,47,1,350000,'completed','2024-12-23 23:27:15'),(181,40,1,1,891000,'completed','2024-12-27 00:49:31'),(182,40,1,1,891000,'completed','2024-12-27 00:50:14');
/*!40000 ALTER TABLE `payments` ENABLE KEYS */;
UNLOCK TABLES;

--
-- Table structure for table `reviews`
--

DROP TABLE IF EXISTS `reviews`;
/*!40101 SET @saved_cs_client     = @@character_set_client */;
/*!50503 SET character_set_client = utf8mb4 */;
CREATE TABLE `reviews` (
  `id` int NOT NULL AUTO_INCREMENT,
  `course_id` int DEFAULT NULL,
  `user_id` int DEFAULT NULL,
  `rating` int DEFAULT NULL,
  `comment` text,
  `created_at` timestamp NULL DEFAULT CURRENT_TIMESTAMP,
  PRIMARY KEY (`id`),
  KEY `user_id` (`user_id`),
  KEY `reviews_ibfk_1` (`course_id`),
  CONSTRAINT `reviews_ibfk_1` FOREIGN KEY (`course_id`) REFERENCES `courses` (`id`) ON DELETE CASCADE,
  CONSTRAINT `reviews_ibfk_2` FOREIGN KEY (`user_id`) REFERENCES `users` (`id`),
  CONSTRAINT `reviews_chk_1` CHECK ((`rating` between 1 and 5))
) ENGINE=InnoDB AUTO_INCREMENT=65 DEFAULT CHARSET=utf8mb4 COLLATE=utf8mb4_0900_ai_ci;
/*!40101 SET character_set_client = @saved_cs_client */;

--
-- Dumping data for table `reviews`
--

LOCK TABLES `reviews` WRITE;
/*!40000 ALTER TABLE `reviews` DISABLE KEYS */;
INSERT INTO `reviews` VALUES (3,1,3,5,'Nhờ khóa học này mà tôi có lương tháng 100tr','2024-10-02 06:32:02'),(24,1,1,5,'Nhờ khóa học này mà tui kiếm được 100tr/tháng !','2024-10-18 23:23:14'),(25,1,4,3,'nội dung rất hay, dễ hiểu','2024-10-18 23:24:17'),(26,3,1,5,'vẫn đang theo học','2024-10-19 11:42:00'),(30,14,21,5,'vẻry good','2024-10-27 18:10:18'),(31,51,22,5,'rất bổ ích','2024-10-27 19:32:49'),(32,15,22,4,'nice','2024-10-27 19:33:26'),(33,62,22,5,'rất bổ ích ','2024-10-28 18:42:43'),(34,55,22,4,'good','2024-10-28 18:43:57'),(35,41,22,4,'hay quá','2024-10-28 18:45:01'),(36,59,22,4,'hayyyyyy','2024-10-28 18:45:18'),(37,51,23,4,'good','2024-10-28 18:46:04'),(38,52,23,2,'hmm','2024-10-28 18:46:37'),(39,61,23,5,'quá hay','2024-10-28 18:47:31'),(40,45,23,5,'hay quá thầy ơi','2024-10-28 18:48:16'),(41,47,23,5,'đẳng cấp thợ thầy','2024-10-28 18:49:21'),(42,56,23,5,'đúng thợ','2024-10-28 18:50:08'),(43,14,1,5,'rat hayy','2024-10-28 18:59:48'),(44,43,1,4,'good','2024-10-28 19:00:18'),(45,58,1,4,'v.v','2024-10-28 19:01:05'),(46,2,21,4,'quá hay','2024-10-28 19:17:05'),(47,51,21,3,'cũng oke','2024-10-28 19:17:36'),(48,46,21,3,'gôd','2024-10-28 19:18:12'),(49,45,21,4,'nice','2024-10-28 19:19:05'),(54,2,1,5,'khóa này rất hay nhé','2024-11-12 13:24:45'),(56,1,25,3,'khóa này hay oke lắm nhưng hơi khó !','2024-11-12 13:32:51'),(57,55,1,4,'khóa học này cũng oke, rất dễ hiểu !','2024-11-19 12:25:20'),(58,55,3,5,'rất oke, tôi đang theo học ngành phân tích dữ liệu, gặp nhau đúng khóa học mình cần','2024-11-19 12:26:09'),(59,55,25,5,'từ người không biết gì về SQL, giờ đã rất thành thục sau khi học khóa này\n','2024-11-19 12:27:34'),(63,45,34,3,'khoác học này tạm ổn !','2024-12-16 01:44:42');
/*!40000 ALTER TABLE `reviews` ENABLE KEYS */;
UNLOCK TABLES;

--
-- Table structure for table `sanpham`
--

DROP TABLE IF EXISTS `sanpham`;
/*!40101 SET @saved_cs_client     = @@character_set_client */;
/*!50503 SET character_set_client = utf8mb4 */;
CREATE TABLE `sanpham` (
  `idproduct` int NOT NULL,
  `type` varchar(255) COLLATE utf8mb4_general_ci DEFAULT NULL,
  `img` varchar(500) COLLATE utf8mb4_general_ci NOT NULL,
  `nameproduct` varchar(255) COLLATE utf8mb4_general_ci DEFAULT NULL,
  `price` decimal(10,0) DEFAULT NULL,
  `motasanpham` varchar(1000) COLLATE utf8mb4_general_ci DEFAULT NULL
) ENGINE=InnoDB DEFAULT CHARSET=utf8mb4 COLLATE=utf8mb4_general_ci;
/*!40101 SET character_set_client = @saved_cs_client */;

--
-- Dumping data for table `sanpham`
--

LOCK TABLES `sanpham` WRITE;
/*!40000 ALTER TABLE `sanpham` DISABLE KEYS */;
INSERT INTO `sanpham` VALUES (1,'quannam','https://cdn2.yame.vn/pimg/quan-tay-lung-thun-ong-ung-soi-nhan-tao-mac-thoai-mai-tron-dang-vua-gia-tot-no-style-m116-0023671/f997bb07-702b-5100-ff8b-001ba52b37b0.jpg?w=540&h=756&c=true&ntf=false','Quần Âu Nam',257000,'đẹp'),(2,'quannam','https://cdn2.yame.vn/pimg/quan-jean-lung-gai-ong-ung-vai-cotton-mac-ben-bieu-tuong-dang-vua-gia-tot-seventy-seven-28-0023383/a0cc46b1-3fd0-4800-1b80-001b512c3d67.jpg?w=540&h=756&c=true&ntf=false','Quần Jean',450000,'1. Kiểu sản phẩm: Quần short lưng thun dài trên gối dáng rộng.\r\n2. Ưu điểm: Khả năng chống thấm nước tốt.\r\n3. Chất liệu: Vải Parachute (vải dù) - 100% polyester.\r\n4. Kỹ thuật: Đánh bọ tại các vị trí miệng túi để tăng cường độ bền và giúp quần thêm chắc chắn.\r\n5. Phù hợp với ai: Phù hợp cho cả nam và nữ, đặc biệt là những người yêu thích vận động và các hoạt động ngoài trời.\r\n6. Thuộc Bộ Sưu Tập: Seventy Seven -Thời trang trung tính, dễ dàng kết hợp và lựa chọn, phù hợp với mọi hoàn cảnh và phong cảnh'),(3,'quannam','https://cdn2.yame.vn/pimg/quan-jean-lung-gai-ong-ung-vai-cotton-mac-ben-bieu-tuong-dang-vua-gia-tot-seventy-seven-28-0023389/6b13121d-7c47-4e00-6f1f-001b512dd0cd.jpg?w=540&h=756&c=true&ntf=false','Quần Jean ',390000,'- Vải pique được làm từ sự kết hợp giữa cotton chống vón và polyester tái chế để tạo nên kết cấu mềm mại, nhẹ nhàng.\r\n- Giữ nguyên hình dạng sau nhiều lần giặt.\r\n- Với công nghệ DRY nhanh khô.\r\n- Chúng tôi không ngừng tinh chỉnh các chi tiết của thiết kế cổ điển này, bao gồm cả phần cổ áo trông tuyệt vời khi cài khuy hoặc không cài khuy.\r\n- Chúng tôi đã cập nhật đường khâu cổ áo để tạo cảm giác mềm mại hơn, thoải mái hơn.\r\n- Thiết kế kiểu dáng cơ bản linh hoạt để tạo kiểu dễ dàng.\r\n- Cổ tay áo có đường gân cho phong cách áo polo truyền thống, cao cấp.'),(4,'quannam','https://cdn2.yame.vn/pimg/quan-jean-lung-gai-ong-ung-vai-cotton-mac-ben-bieu-tuong-dang-vua-gia-tot-seventy-seven-28-0023387/8374bf6c-63db-4c00-cfb3-001b512da6ae.jpg?w=540&h=756&c=true&ntf=false','Quần Jean Nam',460000,'Thiết kế lưới tiện dụng.\r\n- Được thiết kế với 2 loại lưới khác nhau gồm lưới thoáng khí ở phần dưới cánh tay và giữa lưng.\r\n- Các phần lưới được ánh xạ (đan vào vải) chứ không phải khâu lại với nhau đảm bảo cảm giác êm ái, nhẹ nhàng.\r\n- Liền mạch ở cổ tay áo và viền áo để tăng thêm sự thoải mái.\r\n- Có cổ áo dệt kim phẳng, khổ lớn và lưới thoáng khí ở những khu vực dễ bị ẩm ướt.\r\n- Chất vải ít bóng phù hợp cho mọi dịp.'),(5,'quannam','https://cdn2.yame.vn/pimg/quan-dai-lung-thun-ong-ung-vai-thun-co-gian-tron-dang-rong-gia-tot-no-style-m98-0023645/b6a9eb76-27ab-7e00-27ec-001b8fdb0424.jpg?w=540&h=756&c=true&ntf=false','Quần HipHop',250000,'- Công nghệ DRY tiên tiến giúp áo polo nhanh khô thoáng mát, thích hợp cho cả hoạt động thể thao, dã ngoại hay sử dụng hàng ngày.\r\n- Cổ áo polo vải dry pique có thể cài nút hoặc không, tùy theo sở thích của bạn. Từ đó, mang đến đa dạng phong cách và phù hợp với nhiều hoàn cảnh.\r\n- Thiết kế bo tay dệt kim tạo điểm nhấn cổ điển và tinh tế cho chiếc áo polo vải dry pique.\r\n- Áo polo có kiểu dáng và đường cắt may đơn giản, dễ dàng kết hợp với nhiều loại trang phục khác nhau'),(6,'quannam','https://cdn2.yame.vn/pimg/quan-dai-lung-thun-ong-ung-vai-thun-co-gian-tron-dang-rong-gia-tot-no-style-m98-0023643/d279ceec-53ee-6b00-a521-001b8fdac3a5.jpg?w=540&h=756&c=true&ntf=false','Quần Ống Đứng',190000,'- vải pique mịn, nhẹ Được làm từ hỗn hợp cotton và polyester chống vón cục.\r\n- Giữ nguyên hình dạng ngay cả sau khi giặt nhiều lần. - Với công nghệ DRY khô nhanh, hoàn hảo khi mặc khi chơi thể thao hoặc mặc hàng ngày.\r\n- đa năng, Thiết kế và đường may cơ bản.\r\n- Cổ áo Được cài khuy hoặc cởi ra trông rất đẹp.\r\n- Cổ tay có gân dành cho phong cách áo polo Cổ điển.'),(8,'aonam','https://cdn2.yame.vn/pimg/ao-so-mi-cuban-soi-poly-wrinkle-free-04-0022632/84864d3f-95e6-de00-133f-001ae3b8b6fe.jpg?w=540&h=756&c=true&ntf=false','Áo Sơ Mi Tay Ngắn',270000,'- Được làm từ vải trơn thông thường có lớp lót \'AIRism\' mịn màng.\r\n- Chức năng Cool Touch.\r\n- Thiết kế cổ mở đẹp mắt và thoáng mát.\r\n- Mở hoàn toàn các nút để dễ dàng layer.\r\n- Thiết kế vai rũ thoải mái.'),(9,'aonam','https://cdn2.yame.vn/pimg/so-mi-tay-dai-on-gian-y-nguyen-ban-ver46-0021352/9164c555-da49-7600-5b3d-001a298718d1.jpg?w=540&h=756&c=true&ntf=false','Áo Sơ Mi Tay Dài',250000,'Designed for Adam Scott by Lucas Ossendrijver.Half-zip polo shirt with stylish color-blocking, available in a variety of shades. Made out of a quick drying fabric that is perfect for active days.\r\n\r\n- Quick-drying ‘DRY-EX’.\r\n- The fabric quickly absorbs and wicks away moisture to keep you feeling fresh.\r\n- Casual pique knit.\r\n- Odor-control feature.\r\n- Adam Scott replica game wear.\r\n- Sporty half-zip design with an accent stripe at the collar.\r\n- Versatile tonal color block suitable for sports and everyday wear.'),(10,'aonam','https://cdn2.yame.vn/pimg/ao-thun-co-be-tay-ngan-soi-nhan-tao-co-gian-tron-dang-vua-gia-tot-no-brand-03-0023745/bba1ca3e-009e-fc00-09a0-001b94b311f9.jpg?w=540&h=756&c=true&ntf=false','Polo Nam',147000,'- Áo polo sở hữu công nghệ DRY-EX được nhiều vận động viên tin dùng.\r\n- Áo polo DRY-EX có chất vải nhanh chóng thấm hút và thoáng khí, giúp bạn luôn cảm thấy thoải mái và khô ráo.\r\n- Thiết kế với vải lưới giúp tăng cường khả năng lưu thông khí, mang đến cảm giác mát mẻ suốt cả ngày.\r\n- Họa tiết trừu tượng, độc đáo, được phủ toàn bộ áo polo DRY-EX với gam màu trung tính thanh lịch, dễ dàng phối hợp với nhiều trang phục khác nhau.\r\n*Lưu ý: Họa tiết có thể có sự khác biệt so với hình ảnh.'),(11,'quannu','https://cdn2.yame.vn/pimg/quan-short-lung-thun-tren-goi-vai-du-mong-nhe-tron-dang-vua-gia-tot-no-brand-06-0023738/8a334377-fc64-e900-b512-001baac3eb57.jpg?w=540&h=756&c=true&ntf=false','Quần Short Cụt',120000,'Designed for Adam Scott by Lucas Ossendrijver.Half-zip polo shirt with stylish color-blocking, available in a variety of shades. Made out of a quick drying fabric that is perfect for active days.\r\n\r\n- Quick-drying ‘DRY-EX’.\r\n- The fabric quickly absorbs and wicks away moisture to keep you feeling fresh.\r\n- Casual pique knit.\r\n- Odor-control feature.\r\n- Adam Scott replica game wear.\r\n- Sporty half-zip design with an accent stripe at the collar.\r\n- Versatile tonal color block suitable for sports and everyday wear.'),(12,'aonu','https://cdn2.yame.vn/pimg/ao-thun-co-tron-tay-ngan-soi-nhan-tao-co-gian-bieu-tuong-dang-vua-gia-tot-no-style-m130-0023910/c27232ca-8f1c-7d00-6b47-001bb67ae53d.jpg?w=540&h=756&c=true&ntf=false','Áo Thun',257000,'- Chất vải \'AIRism\' mịn màng trông như cotton.\r\n- Chức năng Cool Touch.\r\n- Chất liệu vải sắc nét tạo nên kiểu dáng bóng bẩy.\r\n- Với công nghệ DRY khô nhanh.\r\n- Kiểu dáng cổ sơ mi sang trọng.\r\n- Cổ áo được thiết kế để trông đẹp ngay cả khi không cài nút.\r\n- Kết hợp tốt với áo khoác dành cho trang phục công sở thường ngày.\r\n- Chiều dài và đường cắt hoàn hảo để mặc riêng hoặc layer bên ngoài.'),(13,'aonu','https://cdn2.yame.vn/pimg/ao-thun-co-tron-tay-ngan-soi-nhan-tao-co-gian-bieu-tuong-dang-vua-gia-tot-no-style-m130-0023911/e711855c-cc1d-8800-e81e-001bb67b671e.jpg?w=540&h=756&c=true&ntf=false','Áo Thun',257000,'- Vải \'AIRism\' mịn màng trông như cotton.\r\n- Với công nghệ Cool Touch và làm khô nhanh DRY.\r\n- Chất liệu vải pique siêu mịn và mềm mại.\r\n- Kết hợp tốt với áo khoác để có phong cách công sở giản dị.\r\n- Kiểu dáng cân đối trông đẹp mắt khi bạn sơ vin hoặc không.\r\n- Nút cài kiểu vỏ bọc cao cấp.'),(14,'aonu','https://cdn2.yame.vn/pimg/ao-thun-co-tron-seventy-seven-02-0022708/32909fef-c041-4200-0fcc-001ae3b66ae0.jpg?w=540&h=756&c=true&ntf=false','Áo Thun Gấu',147000,'- Vải \'AIRism\' mịn màng trông như cotton.\r\n- Với công nghệ Cool Touch và làm khô nhanh DRY.\r\n- Chất liệu vải sắc nét tạo nên kiểu dáng đẹp mắt.\r\n- Được cải tiến với đường gân ở cổ áo để tăng thêm sự thoải mái và phong cách.\r\n- Áo polo cổ mở (skipper) mang nét giản dị của áo phông và sự sang trọng của áo polo.\r\n- Thoải mái, vừa vặn.\r\n- Xẻ tà ở cả hai bên giúp bạn dễ dàng sơ vin.'),(15,'aonu','https://cdn2.yame.vn/pimg/ao-thun-co-tron-tay-dai-vai-cotton-4-chieu-tham-hut-bieu-tuong-dang-rong-gia-tot-no-style-m19-0023354/c2fec985-c3e0-3d00-e80c-001b73acfa8e.jpg?w=540&h=756&c=true&ntf=false','Áo Len',297000,'- Vải \'AIRism\' mịn màng trông như cotton.\r\n- Với công nghệ Cool Touch và làm khô nhanh DRY.\r\n- Chất liệu vải sắc nét tạo nên kiểu dáng bóng bẩy.\r\n- Cổ áo kiểu sơ mi sang trọng.\r\n- Cổ áo được thiết kế để trông đẹp ngay cả khi không cài cúc.\r\n- Mặc trang phục này với áo khoác để có vẻ ngoài công sở giản dị.\r\n- Chiều dài và đường cắt hoàn hảo để mặc trong hoặc mặc ngoài.'),(16,'aonu','https://cdn2.yame.vn/pimg/ao-thun-co-tron-3-lo-vai-cotton-2-chieu-co-gian-bieu-tuong-dang-rong-gia-tot-no-style-m23-0023572/907d3676-0fc9-e300-9580-001b73b13add.jpg?w=540&h=756&c=true&ntf=false','Áo Bóng Rổ',227000,'- Thiết kế lưới tiện dụng.\r\n- Được thiết kế với 2 loại lưới khác nhau gồm lưới thoáng khí ở phần dưới cánh tay và giữa lưng.\r\n- Các phần lưới được ánh xạ (đan vào vải) chứ không phải khâu lại với nhau đảm bảo cảm giác êm ái, nhẹ nhàng.\r\n- Liền mạch ở cổ tay áo và viền áo để tăng thêm sự thoải mái.\r\n- Có cổ áo dệt kim phẳng, khổ lớn và lưới thoáng khí ở những khu vực dễ bị ẩm ướt.\r\n- Chất vải ít bóng phù hợp cho mọi dịp.'),(17,'aonu','https://cdn2.yame.vn/pimg/ao-thun-co-tron-3-lo-vai-cotton-2-chieu-tham-hut-bieu-tuong-dang-vua-bst-thiet-ke-the-seafarer-27-0023317/8e15707c-d411-b000-b9e3-001b3ee74213.jpg?w=540&h=756&c=true&ntf=false','Áo Đi Ngủ',227000,'- Thiết kế lưới tiện dụng.\r\n- Được thiết kế với 2 loại lưới khác nhau gồm lưới thoáng khí ở phần dưới cánh tay và giữa lưng.\r\n- Các phần lưới được ánh xạ (đan vào vải) chứ không phải khâu lại với nhau đảm bảo cảm giác êm ái, nhẹ nhàng.\r\n- Liền mạch ở cổ tay áo và viền áo để tăng thêm sự thoải mái.\r\n- Có cổ áo dệt kim phẳng, khổ lớn và lưới thoáng khí ở những khu vực dễ bị ẩm ướt.\r\n- Chất vải ít bóng phù hợp cho mọi dịp.\r\n- Phù hợp cho những người năng động thoải mái dễ sử dụng'),(18,'aonu','https://cdn2.yame.vn/pimg/ao-thun-co-tron-tay-ngan-vai-ca-sau-2-chieu-tham-hut-bieu-tuong-dang-rong-gia-tot-no-style-m50-0023412/8b3f88c1-9ef3-2701-eec9-001b590c04dd.jpg?w=540&h=756&c=true&ntf=false','Áo Thun',257000,'- 100% sợi cotton siêu dài tạo ra màu sắc tuyệt đẹp và độ bóng.\r\n- Nút có cạnh bo tròn để cài dễ dàng.\r\n- Các họa tiết được căn chỉnh cẩn thận bằng tay để đảm bảo họa tiết đối xứng ở cổ áo, vạt áo, tay áo và cổ tay áo.\r\n- Độ dày và mật độ sợi được lựa chọn đặc biệt để làm nổi bật từng họa tiết và màu sắc.'),(19,'aonu','https://cdn2.yame.vn/pimg/ao-thun-co-tron-tay-dai-vai-cotton-4-chieu-tham-hut-bieu-tuong-dang-rong-gia-tot-no-style-m18-0023351/a5208255-a434-7600-ae51-001b5f180e94.jpg?w=540&h=756&c=true&ntf=false','Áo Thun Tay Dài',297000,'Từ bộ phim \"STAR WARS Episode V: The Empire Strikes Back\", Yu Nagaba đã thiết kế cảnh và câu nói nổi tiếng của Luke cõng Yoda trên lưng. Logo STAR WARS màu vàng được thiết kế ở mặt sau và phối màu thể hiện cảm giác của thế giới STAR WARS.\r\n\r\nMAGIC FOR ALL với Yu Nagaba\r\n\r\nBộ sưu tập do họa sĩ Yu Nagaba vẽ đặc biệt gồm các tác phẩm của Disney, Pixar, Marvel và STAR WARS, với các cảnh được chọn dựa trên chủ đề về tình yêu và sự gắn kết. Bộ sưu tập chịu ảnh hưởng mạnh mẽ từ những trải nghiệm của chính Yu Nagaba, chẳng hạn như những bộ phim STAR WARS mà anh đã xem khi còn nhỏ và những bộ phim Pixar mà anh đã xem cùng các con sau khi trở thành một người cha.\r\n\r\nYu Nagaba\r\nNghệ sĩ, sinh năm 1976 tại Tokyo. Nổi tiếng với các tác phẩm nghệ thuật chỉ được vẽ bằng những nét đơn giản và ít nét. Ngoài việc triển lãm tác phẩm của mình tại Nhật Bản cũng như quốc tế, anh còn tham gia nhiều hội chợ nghệ thuật với tư cách là một nghệ sĩ, đồng thời hợp tác với các thương hiệu trong lĩnh vực quảng cáo và'),(20,'aonam','https://cdn2.yame.vn/pimg/ao-so-mi-co-be-tay-ngan-soi-nhan-tao-tham-hut-bieu-tuong-dang-rong-on-gian-seventy-seven-22-0023257/a522768d-f383-e200-3c5a-001b3f08b2f4.jpg?w=540&h=756&c=true&ntf=false','Sơ Mi Ngắn',197000,'Chiếc áo phông này có một cảnh theo phong cách độc đáo của Yu Nagaba trong bộ phim \"Big Hero 6\'\', nơi nhân vật chính Hiro, người đã mất đi người anh trai yêu quý Tadashi và khép chặt trái tim mình, gặp Baymax. Chúng tôi cũng khuyên bạn nên kết hợp trang phục với gia đình và bạn bè của mình, cùng với các thiết kế Baymax từ WOMENS and KIDS UT.\r\n\r\nMAGIC FOR ALL với Yu Nagaba\r\n\r\nMột bộ sưu tập được vẽ đặc biệt bởi nghệ sĩ Yu Nagaba gồm các tác phẩm của Disney, Pixar, Marvel và STAR WARS, với các cảnh được chọn dựa trên chủ đề về tình yêu và sự gắn kết. Bộ sưu tập chịu ảnh hưởng mạnh mẽ từ những trải nghiệm của riêng Yu Nagaba, chẳng hạn như những bộ phim STAR WARS mà anh đã xem khi còn nhỏ và những bộ phim Pixar mà anh đã xem cùng các con sau khi trở thành một người cha.\r\n\r\nYu Nagaba\r\nNghệ sĩ, sinh năm 1976 tại Tokyo. Nổi tiếng với các tác phẩm nghệ thuật chỉ được vẽ bằng những nét đơn giản và ít nét. Ngoài việc triển lãm các tác phẩm của mình tại Nhật Bản cũng như quốc tế, anh còn tham gi'),(21,'quannu','https://cdn2.yame.vn/pimg/quan-short-lung-thun-tren-goi-vai-du-mong-nhe-tron-dang-vua-gia-tot-no-brand-06-0023739/8a150e33-9fd9-f600-39b5-001baac4ca9b.jpg?w=540&h=756&c=true&ntf=false','Quần Short Cụt',147000,'Những cảnh nổi tiếng và một câu trích dẫn từ bộ phim \"Guardians of the Galaxy\" được in ở mặt sau. Chiếc áo phông có thiết kế đẹp mắt với logo Marvel mang tính biểu tượng do Yu Nagaba thêu ở mặt trước và màu be nhẹ nhàng.\r\n\r\nMAGIC FOR ALL cùng Yu Nagaba\r\n\r\nBộ sưu tập do họa sĩ Yu Nagaba vẽ đặc biệt gồm các tác phẩm của Disney, Pixar, Marvel và STAR WARS, với các cảnh được chọn dựa trên chủ đề tình yêu và sự gắn kết. Bộ sưu tập chịu ảnh hưởng mạnh mẽ từ những trải nghiệm của chính Yu Nagaba, chẳng hạn như những bộ phim STAR WARS mà anh đã xem khi còn nhỏ và những bộ phim Pixar mà anh đã xem cùng các con sau khi trở thành một người cha.\r\n\r\nYu Nagaba\r\nNghệ sĩ, sinh năm 1976 tại Tokyo. Nổi tiếng với những tác phẩm nghệ thuật chỉ được vẽ bằng những nét đơn giản và ít nét. Ngoài việc triển lãm tác phẩm của mình tại Nhật Bản cũng như quốc tế, anh còn tham gia nhiều hội chợ nghệ thuật với tư cách là một nghệ sĩ, đồng thời hợp tác với các thương hiệu trong lĩnh vực quảng cáo và may mặc.'),(22,'quannam','https://cdn2.yame.vn/pimg/quan-dai-lung-thun-ong-ung-vai-kaki-tham-hut-bieu-tuong-dang-rong-on-gian-seventy-seven-33-0023298/3fa4eacc-5595-3900-a6b8-001b54200a9c.jpg?w=540&h=756&c=true&ntf=false','Quần Âu ',297000,'Đây là một chiếc áo phông vui nhộn và ấn tượng với biểu cảm của chú vịt Donald của Disney trong bộ phim \"Clock Cleaners\'\'. Mickey, Goofy và Donald cũng được in ở mặt sau của áo phông ở phía dưới, truyền tải tình bạn giữa ba nhân vật.\r\n\r\nMAGIC FOR ALL với Yu Nagaba\r\n\r\nMột bộ sưu tập do nghệ sĩ Yu Nagaba vẽ đặc biệt gồm các tác phẩm của Disney, Pixar, Marvel và STAR WARS, với các cảnh được chọn dựa trên chủ đề về tình yêu và sự gắn kết. Bộ sưu tập chịu ảnh hưởng mạnh mẽ từ những trải nghiệm của riêng Yu Nagaba, chẳng hạn như những bộ phim STAR WARS mà anh đã xem khi còn nhỏ và những bộ phim Pixar mà anh đã xem cùng các con sau khi trở thành một người cha.\r\n\r\nYu Nagaba\r\nNghệ sĩ, sinh năm 1976 tại Tokyo. Nổi tiếng với các tác phẩm nghệ thuật chỉ được vẽ bằng những nét đơn giản và ít nét. Ngoài việc triển lãm các tác phẩm của mình tại Nhật Bản cũng như quốc tế, anh còn tham gia nhiều hội chợ nghệ thuật với tư cách là một nghệ sĩ, đồng thời hợp tác với các thương hiệu trong lĩnh vực quảng cá'),(23,'quannam','https://cdn2.yame.vn/pimg/quan-dai-lung-thun-ong-om-vai-du-co-gian-tron-dang-rong-gia-tot-no-style-m97-0023641/033528c0-bd15-6e00-7e47-001bb034b445.jpg?w=540&h=756&c=true&ntf=false','Quần Short ',479000,'Một sự kết hợp độc đáo giữa Andy Warhol, một nhân vật có ảnh hưởng trong nghệ thuật thế kỷ 20, và KAWS, một nghệ sĩ hàng đầu trong nghệ thuật đương đại. Bộ sưu tập độc quyền này, chỉ có tại UNIQLO, kỷ niệm triển lãm KAWS + Warhol đầu tiên tại Bảo tàng Andy Warhol ở Pittsburgh vào năm 2024.'),(24,'quannam','https://cdn2.yame.vn/pimg/quan-jogger-cool-touch-03-0022613/f80f282c-d67c-9a00-a8f5-001abe122bc1.jpg?w=540&h=756&c=true&ntf=false','Quần Len',227000,'Một sự kết hợp độc đáo giữa Andy Warhol, một nhân vật có ảnh hưởng trong nghệ thuật thế kỷ 20, và KAWS, một nghệ sĩ hàng đầu trong nghệ thuật đương đại. Bộ sưu tập độc quyền này, chỉ có tại UNIQLO, kỷ niệm triển lãm KAWS + Warhol đầu tiên tại Bảo tàng Andy Warhol ở Pittsburgh vào năm 2024'),(25,'quannam','https://cdn2.yame.vn/pimg/quan-jogger-cool-touch-03-0022612/129009fa-a2cf-a500-b43b-001abe125fa8.jpg?w=540&h=756&c=true&ntf=false','Quần Len',277000,'KAWS + Warhol\r\n\r\nMột sự kết hợp độc đáo giữa Andy Warhol, một nhân vật có ảnh hưởng trong nghệ thuật thế kỷ 20, và KAWS, một nghệ sĩ hàng đầu trong nghệ thuật đương đại. Bộ sưu tập độc quyền này, chỉ có tại UNIQLO, kỷ niệm triển lãm KAWS + Warhol đầu tiên tại Bảo tàng Andy Warhol ở Pittsburgh vào năm 2024.'),(26,'aonam','https://cdn2.yame.vn/pimg/ao-polo-cool-touch-07-0022751/032e746f-ddf6-8600-e737-001abe1106b3.jpg?w=540&h=756&c=true&ntf=false','Áo Thun',257000,'- 100% sợi cotton siêu dài tạo ra màu sắc tuyệt đẹp và độ bóng.\r\n- Nút có cạnh bo tròn để cài dễ dàng.\r\n- Các họa tiết được căn chỉnh cẩn thận bằng tay để đảm bảo họa tiết đối xứng ở cổ áo, vạt áo, tay áo và cổ tay áo.\r\n- Độ dày và mật độ sợi được lựa chọn đặc biệt để làm nổi bật từng họa tiết và màu sắc.'),(27,'aonam','https://cdn2.yame.vn/pimg/ao-polo-cool-touch-07-0022752/2fec1a80-a959-7c00-d9e5-001abe10e19e.jpg?w=540&h=756&c=true&ntf=false','Áo Thun',257000,'- Thiết kế lưới tiện dụng.\r\n- Được thiết kế với 2 loại lưới khác nhau gồm lưới thoáng khí ở phần dưới cánh tay và giữa lưng.\r\n- Các phần lưới được ánh xạ (đan vào vải) chứ không phải khâu lại với nhau đảm bảo cảm giác êm ái, nhẹ nhàng.'),(28,'quannu','https://cdn2.yame.vn/pimg/quan-dai-lung-thun-ong-ung-vai-kaki-tham-hut-bieu-tuong-dang-rong-on-gian-seventy-seven-33-0023298/3fa4eacc-5595-3900-a6b8-001b54200a9c.jpg?w=540&h=756&c=true&ntf=false','Quần Len',470000,'- Thiết kế lưới tiện dụng.\r\n- Được thiết kế với 2 loại lưới khác nhau gồm lưới thoáng khí ở phần dưới cánh tay và giữa lưng.\r\n- Các phần lưới được ánh xạ (đan vào vải) chứ không phải khâu lại với nhau đảm bảo cảm giác êm ái, nhẹ nhàng.'),(29,'quannu','https://cdn2.yame.vn/pimg/quan-dai-lung-thun-ong-om-vai-thun-co-gian-bieu-tuong-dang-vua-the-thao-beginner-08-0023172/b1d8c3a1-dbe5-3400-373e-001b511f81c6.jpg?w=540&h=756&c=true&ntf=false','Quần Thể Thao',197000,'- Thiết kế lưới tiện dụng.\r\n- Được thiết kế với 2 loại lưới khác nhau gồm lưới thoáng khí ở phần dưới cánh tay và giữa lưng.\r\n- Các phần lưới được ánh xạ (đan vào vải) chứ không phải khâu lại với nhau đảm bảo cảm giác êm ái, nhẹ nhàng.'),(30,'quannu','https://cdn2.yame.vn/pimg/quan-dai-lung-thun-ong-om-vai-thun-mac-thoai-mai-bieu-tuong-dang-rong-on-gian-seventy-seven-35-0023308/712eae62-6ebc-4600-80df-001b5126803d.jpg?w=540&h=756&c=true&ntf=false','Quần Thể Thao',257000,'- Thiết kế lưới tiện dụng.\r\n- Được thiết kế với 2 loại lưới khác nhau gồm lưới thoáng khí ở phần dưới cánh tay và giữa lưng.\r\n- Các phần lưới được ánh xạ (đan vào vải) chứ không phải khâu lại với nhau đảm bảo cảm giác êm ái, nhẹ nhàng.'),(31,'aokhoac','https://cdn2.yame.vn/pimg/ao-khoac-khong-non-vai-du-chong-nang-bieu-tuong-dang-rong-on-gian-seventy-seven-40-0023196/558750d9-afca-8300-c11a-001b49293b2f.jpg?w=540&h=756&c=true&ntf=false','Áo Khoác Du',247000,'- Thiết kế lưới tiện dụng.\r\n- Được thiết kế với 2 loại lưới khác nhau gồm lưới thoáng khí ở phần dưới cánh tay và giữa lưng.\r\n- Các phần lưới được ánh xạ (đan vào vải) chứ không phải khâu lại với nhau đảm bảo cảm giác êm ái, nhẹ nhàng.'),(32,'aokhoac','https://cdn2.yame.vn/pimg/ao-khoac-khong-non-vai-du-chong-nang-bieu-tuong-dang-rong-on-gian-seventy-seven-40-0023195/6dab5b5f-498c-7200-160f-001b4928de8f.jpg?w=540&h=756&c=true&ntf=false','Áo Khoác Dù',227000,'- Thiết kế lưới tiện dụng.\r\n- Được thiết kế với 2 loại lưới khác nhau gồm lưới thoáng khí ở phần dưới cánh tay và giữa lưng.\r\n- Các phần lưới được ánh xạ (đan vào vải) chứ không phải khâu lại với nhau đảm bảo cảm giác êm ái, nhẹ nhàng.'),(33,'aokhoac','https://cdn2.yame.vn/pimg/ao-khoac-khong-non-vai-du-chong-nang-bieu-tuong-dang-rong-on-gian-seventy-seven-40-0023194/a827315e-540f-6100-65be-001b4926d0d0.jpg?w=540&h=756&c=true&ntf=false','Áo Khoác Dù',247000,'- Thiết kế lưới tiện dụng.\r\n- Được thiết kế với 2 loại lưới khác nhau gồm lưới thoáng khí ở phần dưới cánh tay và giữa lưng.\r\n- Các phần lưới được ánh xạ (đan vào vải) chứ không phải khâu lại với nhau đảm bảo cảm giác êm ái, nhẹ nhàng.'),(34,'aokhoac','https://cdn2.yame.vn/pimg/ao-khoac-la-co-the-seafarer-19-0022837/9e81cf89-94c5-6000-a937-001b3ee41b3d.jpg?w=540&h=756&c=true&ntf=false','Áo Khoác Rapper',477000,'- Thiết kế lưới tiện dụng.\r\n- Được thiết kế với 2 loại lưới khác nhau gồm lưới thoáng khí ở phần dưới cánh tay và giữa lưng.\r\n- Các phần lưới được ánh xạ (đan vào vải) chứ không phải khâu lại với nhau đảm bảo cảm giác êm ái, nhẹ nhàng.'),(35,'aokhoac','https://cdn2.yame.vn/pimg/ao-khoac-co-non-vai-du-chong-nang-phoi-mau-dang-rong-gia-tot-no-style-m52-0023459/be2ced70-db37-9700-43ce-001b9df6aaec.jpg?w=540&h=756&c=true&ntf=false','Áo Khoác Nỉ',497000,'- Thiết kế lưới tiện dụng.\r\n- Được thiết kế với 2 loại lưới khác nhau gồm lưới thoáng khí ở phần dưới cánh tay và giữa lưng.\r\n- Các phần lưới được ánh xạ (đan vào vải) chứ không phải khâu lại với nhau đảm bảo cảm giác êm ái, nhẹ nhàng.'),(36,'aokhoac','https://cdn2.yame.vn/pimg/ao-khoac-la-co-the-seafarer-20-0022838/e1d6359a-567a-6500-e650-001b3ee4457f.jpg?w=540&h=756&c=true&ntf=false','Áo Khoác Nỉ',479000,'- Thiết kế lưới tiện dụng.\r\n- Được thiết kế với 2 loại lưới khác nhau gồm lưới thoáng khí ở phần dưới cánh tay và giữa lưng.\r\n- Các phần lưới được ánh xạ (đan vào vải) chứ không phải khâu lại với nhau đảm bảo cảm giác êm ái, nhẹ nhàng.'),(37,'aokhoac','https://cdn2.yame.vn/pimg/ao-khoac-co-non-vai-du-chong-nang-bieu-tuong-dang-vua-on-gian-seventy-seven-05-0023313/5a958c34-4248-a900-57b0-001b54228ba9.jpg?w=540&h=756&c=true&ntf=false','Áo Chống Nắng',257000,'- Thiết kế lưới tiện dụng.\r\n- Được thiết kế với 2 loại lưới khác nhau gồm lưới thoáng khí ở phần dưới cánh tay và giữa lưng.\r\n- Các phần lưới được ánh xạ (đan vào vải) chứ không phải khâu lại với nhau đảm bảo cảm giác êm ái, nhẹ nhàng.'),(38,'aokhoac','https://cdn2.yame.vn/pimg/ao-khoac-khong-non-vai-du-chong-nang-bieu-tuong-dang-rong-on-gian-seventy-seven-40-0023193/0c56e110-457c-5000-ce89-001b49264fe9.jpg?w=540&h=756&c=true&ntf=false','Áo Khoác Alan',247000,'- Thiết kế lưới tiện dụng.\r\n- Được thiết kế với 2 loại lưới khác nhau gồm lưới thoáng khí ở phần dưới cánh tay và giữa lưng.\r\n- Các phần lưới được ánh xạ (đan vào vải) chứ không phải khâu lại với nhau đảm bảo cảm giác êm ái, nhẹ nhàng.'),(39,'aokhoac','https://cdn2.yame.vn/pimg/ao-khoac-co-non-vai-du-chong-nang-bieu-tuong-dang-vua-on-gian-seventy-seven-05-0023312/4f116458-b44f-9f00-d22b-001b54224e94.jpg?w=540&h=756&c=true&ntf=false','Áo Khoác Trắng',327000,'- Thiết kế lưới tiện dụng.\r\n- Được thiết kế với 2 loại lưới khác nhau gồm lưới thoáng khí ở phần dưới cánh tay và giữa lưng.\r\n- Các phần lưới được ánh xạ (đan vào vải) chứ không phải khâu lại với nhau đảm bảo cảm giác êm ái, nhẹ nhàng.'),(40,'aokhoac','https://cdn2.yame.vn/pimg/ao-khoac-co-non-vai-du-chong-nang-bieu-tuong-dang-vua-on-gian-seventy-seven-05-0023315/f2044274-f2b3-bd00-da07-001b542324df.jpg?w=540&h=756&c=true&ntf=false','Áo Chống Nắng',227000,'- Thiết kế lưới tiện dụng.\r\n- Được thiết kế với 2 loại lưới khác nhau gồm lưới thoáng khí ở phần dưới cánh tay và giữa lưng.\r\n- Các phần lưới được ánh xạ (đan vào vải) chứ không phải khâu lại với nhau đảm bảo cảm giác êm ái, nhẹ nhàng.'),(63,'aonam','https://cdn2.yame.vn/pimg/ao-thun-co-tru-on-gian-y-nguyen-ban-ver144-0021848/70da0c3c-3f60-9502-e855-001a33f98269.jpg?w=540&h=756&c=true&ntf=false','áo pholo nam',227000,'ok');
/*!40000 ALTER TABLE `sanpham` ENABLE KEYS */;
UNLOCK TABLES;

--
-- Table structure for table `sections`
--

DROP TABLE IF EXISTS `sections`;
/*!40101 SET @saved_cs_client     = @@character_set_client */;
/*!50503 SET character_set_client = utf8mb4 */;
CREATE TABLE `sections` (
  `id` int NOT NULL AUTO_INCREMENT,
  `course_id` int DEFAULT NULL,
  `title` varchar(255) DEFAULT NULL,
  `position` int DEFAULT NULL,
  PRIMARY KEY (`id`),
  KEY `sections_ibfk_1` (`course_id`),
  CONSTRAINT `sections_ibfk_1` FOREIGN KEY (`course_id`) REFERENCES `courses` (`id`) ON DELETE CASCADE
) ENGINE=InnoDB AUTO_INCREMENT=143 DEFAULT CHARSET=utf8mb4 COLLATE=utf8mb4_0900_ai_ci;
/*!40101 SET character_set_client = @saved_cs_client */;

--
-- Dumping data for table `sections`
--

LOCK TABLES `sections` WRITE;
/*!40000 ALTER TABLE `sections` DISABLE KEYS */;
INSERT INTO `sections` VALUES (1,1,'Giới thiệu',1),(2,1,'Ôn lại Javascript',2),(3,2,'Mở đầu khóa học',1),(4,3,'Giới thiệu khóa học',1),(31,1,'React, ReactDOM',3),(32,1,'JSX, Components, Props',4),(33,1,'Create React App',6),(34,14,'Giới thiệu về Java',1),(36,41,'Mở đầu C là gì ?',1),(45,43,'Tổng quan về ngôn ngữ Kotlin',1),(46,43,'Các kiểu dữ liệu',2),(47,43,'Lập trình Kotlin',3),(48,3,'Kiểu dữ liệu cơ bản',2),(49,3,'Sơ lược về hàm',3),(50,45,'Nhập môn',1),(51,45,'Giới thiệu và khởi tạo trang web (ASP.NET Razor)',2),(52,45,'Lập trình ASP.NET MVC',3),(53,2,'HTML',2),(54,2,'CSS',3),(55,2,'Flexbox',4),(56,2,'JS',5),(57,14,'Khái niệm cơ bản trong Java',2),(58,15,'Mở đầu khóa học',1),(59,15,'Hướng Dẫn Thực hiện ứng dụng Máy Tính Bỏ Túi',2),(60,15,'Lập trình IOS',3),(61,41,'Ngôn ngữ lập trình và phương pháp lập trình ',2),(62,41,'Làm quen với lập trình C',3),(63,41,'Các thành phần trong ngôn ngữ lập trình C',4),(64,41,'Cấu trúc rẽ nhánh có điều kiện',5),(65,41,'Cấu trúc vòng lập ',6),(66,42,'Giới thiệu React Native',1),(67,42,'Các thành phần cơ banrt của React Native',2),(68,42,'Lập trình React Native',3),(69,46,'Bắt đầu ',1),(70,47,'THIẾT KẾ BANNER CHUYÊN NGHIỆP',1),(71,47,'PATTERN IN ILLUSTRATOR',2),(72,47,'COREL',3),(73,47,'DESIGN POSTER IN PHOTOSHOP',4),(74,47,'INDESIGN',5),(75,47,'IIIUSTRATOR',6),(76,48,'Khóa học cơ bản',1),(77,49,'Làm quen với Adobe Illustrator',1),(78,49,'Pathfinder, Shape Builder Tool, Outline Stroke ',2),(79,49,'Pucker & Bloat, Warp Object, Offset Path',3),(80,49,'Tool trong Adobe Illustrator',4),(81,51,'Practice listening to English communication',1),(82,51,'Practice Listening and Reading English',2),(83,51,'Common Vocabulary',3),(84,52,'0',1),(85,53,'Mailchimp Tutorial 2024',1),(86,54,'Giới thiệu khóa học PHP',1),(87,54,'XAMPP',2),(88,54,'Cú pháp cơ bản trong PHP',3),(89,54,'Câu lệnh trong PHP',4),(90,54,'Thực hành',5),(91,55,'0',1),(92,56,'giới thiệu về Unity | Unity 2D',1),(93,56,'My delivery car',2),(94,56,'Skiing',3),(95,56,'QuizGame',4),(96,57,'Giới thiệu về khóa học Next.js 14',1),(97,57,'Globals style',2),(98,57,'Client Component',3),(99,57,'Server Component',4),(100,57,'API',5),(101,57,'Shadcn UI Next.js',6),(102,57,'Create page',7),(103,58,'Giới Thiệu Khóa Học Spring Boot',1),(104,58,'Properties & Yaml',2),(105,58,'Thymeleaf & Static resources  ',3),(106,58,'JDBC & Hiberate',4),(107,58,'Upload File',5),(108,58,'Security',6),(109,59,'Nguyên tắc thiết kế đồ hoạ',1),(110,59,'InDesign',2),(111,59,'Color',3),(112,59,'Grids in Graphic Design',4),(113,59,'Typography for Editorial Design',5),(114,60,'Tổng quan về khóa học OOP',1),(115,60,'Toàn bộ về khóa học OOP',2),(116,61,'0',1),(117,61,'0',2),(118,61,'0',3),(119,61,'0',4),(120,61,'0',5),(125,62,'Định nghĩa Content Marketing ',1),(126,62,'Các dạng content marketing phổ biến',2),(127,62,'Hình thành tư duy viết content',3),(128,62,'Big Idea là gì? Cách tạo Big Idea',4),(129,62,'Lập kế hoạch content',5),(130,63,'Giới thiệu',1),(131,63,'Tìm hiểu về C/C++',2),(132,63,'Thao tác cải tiếng tư duy',3),(133,64,'Cài đặt môi trường',1),(134,64,'Tìm hiểu về Automation',2),(135,64,'Thực hành',3),(136,64,'WebElement',4);
/*!40000 ALTER TABLE `sections` ENABLE KEYS */;
UNLOCK TABLES;

--
-- Table structure for table `users`
--

DROP TABLE IF EXISTS `users`;
/*!40101 SET @saved_cs_client     = @@character_set_client */;
/*!50503 SET character_set_client = utf8mb4 */;
CREATE TABLE `users` (
  `id` int NOT NULL AUTO_INCREMENT,
  `name` varchar(255) DEFAULT NULL,
  `email` varchar(255) DEFAULT NULL,
  `password` varchar(255) DEFAULT NULL,
  `role` enum('student','instructor','admin','pending') DEFAULT NULL,
  `avatar` text,
  `bio` text,
  `created_at` timestamp NULL DEFAULT CURRENT_TIMESTAMP,
  PRIMARY KEY (`id`),
  UNIQUE KEY `email` (`email`)
) ENGINE=InnoDB AUTO_INCREMENT=41 DEFAULT CHARSET=utf8mb4 COLLATE=utf8mb4_0900_ai_ci;
/*!40101 SET character_set_client = @saved_cs_client */;

--
-- Dumping data for table `users`
--

LOCK TABLES `users` WRITE;
/*!40000 ALTER TABLE `users` DISABLE KEYS */;
INSERT INTO `users` VALUES (1,'Le Thanh Toan','toan@gmail.com','$2a$10$W6Q7unPt3jQFo46yB2k9COatLwX0m6FnaGVJUxJIZq/ldnq/e.YoK','instructor','http://res.cloudinary.com/dj8ae1gpq/image/upload/v1731421417/hvknybscz0oxr97qrsbn.png','Đang là sinh viên năm 4, nhưng dạy rất đỉnh, với 20 năm kinh nghiệm lập trình','2024-09-30 13:02:29'),(2,'Admin','admin@gmail.com','$2a$10$W6Q7unPt3jQFo46yB2k9COatLwX0m6FnaGVJUxJIZq/ldnq/e.YoK','admin','https://res.cloudinary.com/dj8ae1gpq/image/upload/v1731421388/vm90bpyargukrmqesuay.png','Quản lý cấp siêu cao','2024-09-30 14:11:01'),(3,'Tonii Le','tonii@gmail.com','$2a$10$aFy8eRXwPlBETYdYVt6m5.NgIwZ7lglzemTRChmcZSslsU9bpmEDK','instructor','https://res.cloudinary.com/dj8ae1gpq/image/upload/v1731421378/bndwc1pupuoivutfxziv.png',NULL,'2024-09-30 14:23:46'),(4,'Toan Le','toanle@gmail.com','$2a$10$rApSGDvstr7pN9ty1ADAnul7HALzs1ZcAqQytmsxvCEy7QpXJIdeC','instructor','https://res.cloudinary.com/dj8ae1gpq/image/upload/v1731421291/qoob4iajbci4nbwjx80d.jpg',NULL,'2024-10-07 08:12:59'),(5,'tonii playps4','tonii2@gmail.com','$2a$10$aFy8eRXwPlBETYdYVt6m5.NgIwZ7lglzemTRChmcZSslsU9bpmEDK','instructor','https://res.cloudinary.com/dj8ae1gpq/image/upload/v1730947656/d6kzl8a4phsgw6uhhagl.png','Học nữa học mãi...','2024-10-07 08:15:05'),(6,'Thanh Toàn','toan3@gmail.com','$2a$10$W6Q7unPt3jQFo46yB2k9COatLwX0m6FnaGVJUxJIZq/ldnq/e.YoK','student',NULL,NULL,'2024-10-07 13:55:23'),(19,'Chí Thành','chithanh@gmail.com','$2a$10$EpzF/ctn8MWAmGZlAdrn..qAtqOn8HLoCAhuBq1JZZ2q8iOIk3xkm','instructor',NULL,NULL,'2024-10-21 02:36:40'),(21,'Đồng Quốc Tiến','dongtien121103@gmail.com','$2a$10$y97VwDDECjtQAhs4PcY4Pe2V.EzqVFw3JFP6rnfgO.P13sB9IC0pq','instructor',NULL,NULL,'2024-10-27 09:28:36'),(22,'BaSen','basen841@gmail.com','$2a$10$z.r.AtJzXkdbtsC/24ImHutskVtFC1T6HQPVDBZndEhAxFj8yIYKO','instructor','http://res.cloudinary.com/dj8ae1gpq/image/upload/v1732009465/fqimj6vbuzwgpbczyzar.png',NULL,'2024-10-27 19:02:19'),(23,'Kim Chi ','tiendoiqua@gmail.com','$2a$10$CdcMnc0ptGMQPmVpvQlhB.NgyKqayPLOCeywDOSGmOZ6Q7bVFHOQS','instructor',NULL,NULL,'2024-10-28 15:11:53'),(24,'David ngo','tenlaqua@gmail.com','$2a$10$50luEfiWnS9/g73YUeILO.csOPReY.DWGIGccfkETrNZMMLmbpZWa','instructor',NULL,NULL,'2024-10-29 08:45:39'),(25,'Nhu My','my@gmail.com','$2a$10$nSBY.u.FhdNu.kZm3ccaReIsvM1yQhd.gWkK8M7CGEsWV/dlb/iEi','student','http://res.cloudinary.com/dj8ae1gpq/image/upload/v1732019268/ife6byxnbx0yvmri0jk6.png',NULL,'2024-11-12 12:42:35'),(26,'Minh Hung','hung@gmail.com','$2a$10$vFA31oE7PO.7uP/me5.V5uSjlCUICJKtIx0ytsQhpNNBYSERgoMnq','student',NULL,NULL,'2024-11-25 02:21:19'),(27,'Thanh Toan Le','toan13022017@gmail.com','$2a$10$X.sE8a/6QdmqgP0TVVuCI.BubELmEXmFjM60N0B66e.v9LCmlW6Ji','instructor','http://res.cloudinary.com/dj8ae1gpq/image/upload/v1732503718/tgvjnzhlffhnpwgirxer.png',NULL,'2024-11-25 02:37:46'),(31,'thuc','thuc@gmail.com','$2a$10$4q7lidJbgLhBSF.A0vvRKei0Xij7GHMKkFWlvO/oCmwOjB3QsKdkO','student',NULL,NULL,'2024-11-25 06:00:13'),(34,'Memories 1 Tonii','toniimemories1@gmail.com','$2a$10$H4t73kXZVx9rE4tHRFtQe.NXeC00PCxq7mVjF70w1mNZUaYqPhlCC','student','http://res.cloudinary.com/dj8ae1gpq/image/upload/v1734657880/agovf37px7wwpgxgpydm.png',NULL,'2024-11-25 11:12:21'),(35,'Memories 2 Tonii','toniimemories2@gmail.com','$2a$10$CW/JswhvB9OyUxMpvIR5JOzk.bbScAt8Xx2N4LDP23YWj1UNFghN.','instructor',NULL,NULL,'2024-11-25 11:14:24'),(36,'Memories Tonii','toniimemories@gmail.com','$2a$10$zwHjnF5/xtoGN49Gss87L.dsdi501EyzqM3Xkk6gKEjMm6355Rlme','student',NULL,NULL,'2024-12-15 06:10:15'),(40,'Toàn Lê Thanh','toan2110425@student.nctu.edu.vn','$2a$10$xRw/mEA83L.AYiwbUBsV/.v30pHziatyhNSkjvdztTT8AHKS7TNxO','student',NULL,NULL,'2024-12-27 00:46:49');
/*!40000 ALTER TABLE `users` ENABLE KEYS */;
UNLOCK TABLES;
/*!40103 SET TIME_ZONE=@OLD_TIME_ZONE */;

/*!40101 SET SQL_MODE=@OLD_SQL_MODE */;
/*!40014 SET FOREIGN_KEY_CHECKS=@OLD_FOREIGN_KEY_CHECKS */;
/*!40014 SET UNIQUE_CHECKS=@OLD_UNIQUE_CHECKS */;
/*!40101 SET CHARACTER_SET_CLIENT=@OLD_CHARACTER_SET_CLIENT */;
/*!40101 SET CHARACTER_SET_RESULTS=@OLD_CHARACTER_SET_RESULTS */;
/*!40101 SET COLLATION_CONNECTION=@OLD_COLLATION_CONNECTION */;
/*!40111 SET SQL_NOTES=@OLD_SQL_NOTES */;

-- Dump completed on 2024-12-27 19:49:49
